:020000040800F2
:10000000E07300202DD400081BCB00081FCB000894
:1000100000000000000000000000000000000000E0
:10002000000000000000000000000000F5C600080D
:100030000000000000000000B7C60008D14A000818
:10004000133E0008A33E0008434A0008EF5A000888
:10005000177100085B8100080B820008B1CB000813
:100060001B820008DD0900082F82000823CB00084E
:10007000B79100082DCB00080BA300080FA30008C0
:100080009FB8000849CB00087BB900087FB9000879
:10009000C5590008CF590008C7BA00081BBB0008A3
:1000A0003FBF00089FC80008E3CD0008BB59000807
:1000B00053CB0008A7CB0008D3D00008F0B585B01B
:1000C0009627FF00049700240394774D039A049920
:1000D000280001F053FD02970194744D019A029992
:1000E000280001F04BFD40260094714D009A31002C
:1000F000280001F043FD6F4D3900280001F06AFD32
:1001000020006D49087000F0BEF800F0AEF800F075
:1001100050F832212800143001F0ECFD00F0DCFB37
:100120000525664F22002900380001F027FD6448AC
:1001300001F0C8FE002801D002F002FC05B0F0BDBD
:10014000F0B585B09627FF00049700240394564D20
:10015000039A0499280001F011FD02970194534D70
:10016000019A0299280001F009FD40260094504DA3
:10017000009A3100280001F001FD4E4D39002800A1
:1001800001F028FD20004C49087000F07CF800F0D8
:100190006CF800F00EF832212800143001F0AAFDAE
:1001A0000525464F22002900380001F0E7FC05B084
:1001B000F0BD10B4012043490200CA7000221300B0
:1001C0000B7313004B73130021240B5513002224CF
:1001D0000B551300CB7313000B7413004B741300F7
:1001E0008B741300CB7413008B7113004B751300C9
:1001F0008B7513000B7013004B7013008B70130082
:100200000B7113004B718A6013008B732E4913001E
:100210000B7013004B7013008B701300CB70130026
:100220000B7113004B7113008B711300CB71130012
:100230000B7213004B7213008B721300CB721300FE
:100240000B7313004B7313008B731300CB731300EA
:100250000B7413004B7413008B741300CB741300D6
:100260000B7548758A7510BC70470020174902004D
:10027000CA718863486488650522CA65086688660D
:10028000C8660867704710B50A4C0122104911482A
:1002900002F0C1FB402160544020205C002802D1C4
:1002A00001200949087110BDAC2F00203C420020FC
:1002B0000C68002088670020CF6B0020286B00208E
:1002C00060660020086900204469002084630020E3
:1002D000F8630020F0620020F1B59AB000252800F4
:1002E00069460871B04C6078002800D0EFE272B621
:1002F000AE4E3000143001F064FDF06362B6F06B76
:10030000002800D15DE2F06B007C012800D058E2AB
:10031000F06B0078002800D153E2022800D147E1B9
:10032000032800D16EE1042839D0052830D00628F2
:1003300000D15FE10A2800D181E10C2800D195E0CD
:100340000D2800D1FCE10E2857D0142800D1BAE1C5
:10035000152800D1D2E1162800D154E11B2824D061
:100360001C2831D01D2844D01E2862D01F2800D15F
:1003700021E2202800D1B0E0212800D1CEE02228BF
:1003800000D1F1E0242809D0252800D1BAE118E2F3
:100390000120B349C8732800A07512E211E20120C0
:1003A000AF49C8733920A0750BE20120AC49C8736E
:1003B000ACA1AD4803F00EFD002802D03020A0759E
:1003C00001E03120A075FCE10120A549C873A64ECB
:1003D000A4A1300003F0FEFC002804D1300003F09B
:1003E00011FD002802D10220A07501E03220A07585
:1003F000E7E101209A49C873E3E19C4E9C49300033
:1004000003F008FD300003F0FDFC80B201F050FB6A
:100410006946087168460079002805D00120904996
:10042000C8730F20A07503E0924805670120E074AF
:10043000C7E1CC4E8D4FB2688F49380003F0EAFC1B
:10044000380003F0DFFC80B201F032FB694608712E
:1004500068460079002805D001208149C8730F2023
:10046000A07502E035670120E074AAE101F0ECFA22
:10047000BC4E70690078542806D1736E72697F494A
:100480007A4803F0C7FC12E070690078552805D15E
:10049000726E7B49754803F0BDFC08E07069007816
:1004A0004D2804D1726E7749704803F0B3FC6F4851
:1004B00003F0A8FC80B201F0FBFA694608716846B7
:1004C0000079002805D001206549C8730F20A07568
:1004D00002E035670120E07473E1A24E634F736E52
:1004E000B2686949380003F095FC380003F08AFCD3
:1004F00080B201F0DDFA694608716846007900288B
:1005000005D001205649C8730F20A07505E0356756
:1005100001200100E1745249087652E1914E04AA8B
:10052000318D706A01F0EDFA504F04AB326ACD495B
:10053000380003F06FFC380003F064FC80B201F077
:10054000B7FA6946087168460079002805D001208D
:100550004349C8730F20A07505E0356701200100ED
:10056000E1743F4988762CE1404ED449300003F0D5
:1005700051FC300003F046FC80B201F099FA694664
:10058000087168460079002805D001203449C873F5
:100590000F20A07506E07348056701200100E17493
:1005A0002F4908770DE100BF4469002088670020CB
:1005B0006C48C179491CC1712900E1740567C17992
:1005C000042905DB01202649C8730420A075F8E042
:1005D000F16B89890170F06B8089411CF26B91810C
:1005E00001210A00C64B80B21A541D48C17328006D
:1005F000A075E6E01A480121C1733321A1752900D5
:100600000175DEE0FEE701F01FFA184EB149300037
:1006100003F000FC300003F0F5FB80B201F048FA73
:100620006946087168460079002804D001200C4909
:10063000C8730F20A075012009490870C1E001F0BE
:1006400003FAAC480078012820D14648018E009179
:10065000436E8268AB49054803F0DCFB1CE000BF39
:1006600008690020222200000C680020643B002062
:1006700020D3000884630020DCD300087CCF00086E
:100680005CD0000880D000089CD100083548028E5C
:100690009D49B64803F0BEFB9C4F012630003870E0
:1006A000B24803F0AFFB80B201F002FA694608716C
:1006B00068460079002805D0C748C6730F20A0758A
:1006C000280038707DE001F0BFF9264F388E039086
:1006D000F86A0290A54E0096039A0299009803F0DA
:1006E000D3FB00980D20398E7054388E01F0E0F95C
:1006F000694608710120B849887562E00120B64951
:10070000C8745EE001F0A0F9984F9B480068009023
:100710009A4BB28E9A49380003F07CFB380003F004
:1007200071FB80B201F0C4F969460871684600792E
:10073000002801D12800A0750120A749887740E052
:100740006F48F16B0989405C002833D0F06B8089D9
:10075000401EF16B888101F077F9844FB28EA24977
:1007600002E000BF84630020380003F053FB380030
:1007700003F048FB80B201F09BF9694608716846B6
:100780000079002817D12800A075611C0120020003
:100790000A70F26B1289A24B5A718F4A030093734D
:1007A000507028000870280060722800A07228008D
:1007B000207200E005E001208749C8733820A07549
:1007C000FFE7E07901280FD19E480178002904D085
:1007D0000421934A9163290001709148806BC0B253
:1007E00003F00AFFE57172E0E07A012807D17A4848
:1007F000C078012803D103F067FFE57267E0A07BB2
:10080000012831D1904E864F3B6D3A6D3100B8785A
:1008100004F064F8386D042810D28C490120087067
:100820003078D030487070788870B078C870002305
:1008300000228748006804F06EFA08E09620C000A5
:1008400002900095009A0299300001F097F9012278
:100850000821804804F099FCFD643D6500F04CF8E7
:10086000A57334E034D30008E07B012818D1764F1B
:100870006B4E336D326D3900092004F02FF896204D
:10088000C00002900095009A0299380001F076F9B4
:10089000F564356500F030F82800E073657016E007
:1008A000607C01280CD15E4815498279895C002959
:1008B00002D0807901F096F8657408E0B8D100089C
:1008C000207C012803D1644804F014F825741BB07F
:1008D000F0BD0000ECD300083F48002181600121F9
:1008E000817070473C480021816081700121212284
:1008F00081547047C96B002001203749C870704788
:10090000286B002008D100089CD200081D69002037
:1009100038B5314CA078002804D0E078012801D106
:1009200000F080F84D4DA87C012808D14C4801F01A
:1009300065F9002803D00020A874FFF7A4FCE87C28
:10094000002812D0364801007031026F521C0A6034
:10095000006F444A904208D3002008600100E97407
:100960000F21A9750121E173687031BD643B00203E
:1009700001213D4A11707047B06A0020000000203C
:10098000D4D10008F1B5354D384F00203870FFF74D
:10099000A9FF72B6364E324C3100200001F04AF900
:1009A00062B6FFF799FF200001F01CF9002802D081
:1009B0000120A8740FE0E87800280CD10122310052
:1009C0002C4802F028F8402160544020205C002888
:1009D00001D101203870F1BD0869002080B525489B
:1009E000C06F04F08BFD01BDB4D2000800B501005A
:1009F000214801600268002A05D0204AD27B012AE2
:100A000001D000BFF6E71D48C27B002A02D10122B7
:100A1000124B9A750022C2731048807D00BD000001
:100A20008463002010B572B6AA4C0D4801F021F97C
:100A3000E06162B6E069002802D0E06900F020F8C9
:100A400010BD0000D06B0020AC2F0020486B0020B0
:100A5000F46A0020000400508863002044690020EC
:100A600088670020C1D401002A690020486900205D
:100A7000F8630020F0620020306B0020086900203D
:100A8000F1B588B000252900089800786A46D0732F
:100A900091486A46D27B914B04681A550268521CF1
:100AA00002608E4A00681018801E00780D2801D060
:100AB00000F09CFD8948884909684018401E00786C
:100AC0000A2801D000F092FDBF4C2078002801D008
:100AD00000F08CFD8148804909684018001F0078AB
:100AE0004F2800D08CE27D487B4909684018C01E21
:100AF00000784B2800D083E278487749096840188D
:100B0000801E00780D2800D07AE274487249096886
:100B10004018401E00780A2800D071E270496F48E2
:100B200003F058F96F4E3060002830D06E483168BD
:100B3000097A01700078312809D10120A349020007
:100B40003723CA5404222823CA543822885472B640
:100B50009E4C2100283183B06846142203F07AF9B4
:100B60000EBC2000143001F0E7F862B620002830F7
:100B700001F06AF9584805609624E4000095574E44
:100B8000009A2100300000F0F9FF00F02FFD5749D6
:100B9000524803F01FF93060002846D030685449AD
:100BA000086051483168C97B01703168097C417027
:100BB00001780D2903D1FF204649C87009E041782A
:100BC0000D2906D13168C97B01700078D0304149C8
:100BD000C87001207D4E01003722B154D64F02214A
:100BE0003970010021753821705472B631002831F6
:100BF00083B06846142203F02DF90EBC3000143087
:100C000001F09AF862B6380001F01EF92800607011
:100C1000314805609624E4000095304E009A21008A
:100C2000300000F0ABFF00F0E1FCC4492B4803F0BA
:100C3000D1F8306000282CD0274805609627FF00A7
:100C400004970295254E029A0499300000F096FF11
:100C500072B65E4E3100283183B06846142203F02C
:100C6000F9F80EBC3000143001F066F862B63000BE
:100C7000283001F0E9F828006070174805600097F7
:100C80002C00164E22000099300000F077FF00F093
:100C9000ADFCAB49114803F09DF8306000285DD0F1
:100CA0003068801D3060A748290001700178142940
:100CB00023DA316809780D291CD031680978A24AF5
:100CC0000378D1543168491C31600178491C0170A6
:100CD000ECE700BF846300204C6B0020EC46002052
:100CE00048D50008546B0020986A0020FCD3000807
:100CF000506B0020944900780D54334F0120F87553
:100D00000025E14805609626F600049602958F4C72
:100D1000029A0499200000F031FF72B62B4C21009A
:100D2000283183B06846142203F094F80EBC2000EA
:100D3000143001F001F862B62000283001F084F888
:100D400028007870D048056000962C007F4E220065
:100D50000099300000F012FF00F048FC607D01288F
:100D60002AD1280060750120184C01003722A154B7
:100D700026002836142131703821605472B62100C3
:100D8000283183B06846142203F064F80EBC2000BA
:100D9000143000F0D1FF62B6300001F055F8BA48C7
:100DA00005609624E4000095684E009A210030000A
:100DB00000F0E4FE00F01AFCA07D01282ED12800EE
:100DC000A0750120014C03E008690020886700201D
:100DD00001003722A1542600283615213170382110
:100DE000605472B62100283183B06846142203F0A3
:100DF00031F80EBC2000143000F09EFF62B63000C7
:100E000001F022F8A04805609624E40000954F4EBA
:100E1000009A2100300000F0B1FEE7E3A07F012836
:100E20002BD12800A07701200100E177C64C0100FA
:100E30003722A1542600283605213170382160540C
:100E400072B62100283183B06846142203F002F8FC
:100E50000EBC2000143000F06FFF62B6300000F0CE
:100E6000F3FF894805609624E4000095374E009A08
:100E70002100300000F082FEB8E3207E01282BD153
:100E800028002076012001006176AF4C0100372256
:100E9000A15426002836052131703821605472B6DD
:100EA0002100283183B06846142202F0D3FF0EBC23
:100EB0002000143000F040FF62B6300000F0C4FFA4
:100EC000714805609624E4000095204E009A2100A8
:100ED000300000F053FE89E3A07E012838D12800BD
:100EE000A07601200100E176974C01003722A15441
:100EF00026002836052131703821605472B6210051
:100F0000283183B06846142202F0A4FF0EBC2000F2
:100F1000143000F011FF62B6300000F095FF5A481F
:100F200005609624E4000095084E009A21003000E8
:100F300000F024FE5AE300BFB0670020F0D40008A0
:100F400050D50008D36B002010000020EC46002094
:100F5000207F01282BD12800207701200100617714
:100F6000794C01003722A154260028360521317022
:100F70003821605472B62100283183B068461422AB
:100F800002F068FF0EBC2000143000F0D5FE62B6FF
:100F9000300000F059FF3C4805609624E4000095BD
:100FA000D34E009A2100300000F0E8FD1EE301203E
:100FB000654E01003722B154CE4F052139703821DA
:100FC000705472B63100283183B06846142202F0A2
:100FD00041FF0EBC3000143000F0AEFE62B63800A7
:100FE00000F032FF28006070274805609624E40076
:100FF0000095BF4E009A2100300000F0BFFDF5E2E1
:10100000BD49BB4802F0E6FEBC4E3060002831D03E
:10101000BB480188491C018000220821B94804F01E
:10102000B4F80120484E01003722B154B14F1621C7
:1010300039703821705472B63100283183B0684657
:10104000142202F007FF0EBC3000143000F074FED2
:1010500062B6380000F0F8FE280060700A480560AB
:101060009624E4000095A24E009A2100300000F082
:1010700085FDBBE2A4499E4802F0ACFE306000282A
:1010800031D00127304E01E04C6B00203800372171
:10109000705405202821705438003821705472B6DD
:1010A0003100283183B06846142202F0D3FE0EBC12
:1010B0003000143000F040FE62B63000283000F0FE
:1010C000C3FE3800E07191480770280060709048B6
:1010D00005609624E4000095854E009A21003000BA
:1010E00000F04CFD82E28B49814802F073FE3060D3
:1010F00000282BD00120144E01003722B1547D4F1F
:10110000052139703821705472B63100283183B00E
:101110006846142202F09EFE0EBC3000143000F02F
:101120000BFE62B6380000F08FFE28006070784831
:1011300005609624E40000956D4E009A2100300071
:1011400000F01CFD52E200BF88670020C8496848D3
:1011500002F040FE3060002860D0654FC54938007D
:1011600002F038FE3060002802D03720C24988756E
:10117000C249380002F02EFE3060002802D036202E
:10118000BD498875BE49380002F024FE3060002851
:1011900002D03620B8498875BAA1380002F01AFE8C
:1011A0003060B949380002F015FE3060002802D0E6
:1011B0003720B1498875B549380002F00BFE306020
:1011C000002802D03420AC4988750120B04E0100BF
:1011D0003722B15405212822B1543821705472B6F7
:1011E0003100283183B06846142202F033FE0EBC71
:1011F0003000143000F0A0FD62B63000283000F05E
:1012000023FE28006070424805609624E4000095A3
:10121000009A2100380000F0B1FCE7E1D1493448E0
:1012200002F0D8FD3060002832D03068CE49086026
:10123000CE483168097AD03101700078A071012060
:10124000934E01003722B1542A4F2421397038219E
:10125000705472B63100283183B06846142202F00F
:10126000F9FD0EBC3000143000F066FD62B63800A7
:1012700000F0EAFD28006070254805609624E4002F
:1012800000951B4E009A2100300000F077FCADE184
:10129000B749174802F09EFD3060002800D0A5E154
:1012A000B449134802F096FD3060002800D1F1E007
:1012B0000520694688733068079016206946487390
:1012C00030686946497B4018401C306030680078BF
:1012D00069468872684645726846807A2C281BD118
:1012E00000206946C8726846407A002821D13DE056
:1012F000EC460020B0670020FCD40008546B0020AE
:10130000BE6B00200004005058D50008C86B0020B8
:101310004C6B002060D500086846407A401C694646
:10132000487230680078694688723068401C3060C6
:10133000D2E76846407A042818DA6846407A049072
:1013400007986946497B4018401C009001AD049AFB
:101350000099280002F098FD002001A96A46527AFF
:10136000885401A804F04DFA6946C87230680490A8
:1013700000206946087204980078694688726846B9
:10138000807A0D2808D10025280069460873684630
:10139000007A00280DD125E06846007A401C694695
:1013A000087230680078694688723068401C306086
:1013B000E5E76846007A042814DA6846007A069061
:1013C000049805906E46069A0599300002F05CFD7F
:1013D000280069466A46127A8854684604F011FA71
:1013E000694608730620694688730127284E38002D
:1013F0003721705438003821705472B631002831CA
:1014000083B06846142202F025FD0EBC3000143073
:1014100000F092FC62B63000283000F015FD280084
:101420006070C04805609620C00006900595BE4ECD
:10143000059A0699300000F0A1FB28002070BB49F6
:101440000F706846C07A88706846007BC87068462E
:10145000C07A002802D00520487001E028004870BA
:1014600000230022B248006803F055FCBEE000BF34
:1014700008D5000868D500084469002070D5000828
:1014800078D500083230000080D5000888D50008E3
:1014900088670020DD49A44802F09CFC30600028E9
:1014A00000D0A3E0DA49A04802F094FC30600028A4
:1014B00028D00120D74E01003722B154D64F052144
:1014C00039703821705472B63100283183B06846C3
:1014D000142202F0BFFC0EBC3000143000F02CFCD3
:1014E00062B6380000F0B0FC280060708D480560DE
:1014F0009624E40002958C4E029A2100300000F000
:101500003DFB73E0C549884802F064FC3060002868
:1015100032D00120BF4E01003722B154BE4F052109
:1015200039703821705472B63100283183B0684662
:10153000142202F08FFC0EBC3000143000F0FCFBD3
:1015400062B6380000F080FC2800607075480560C5
:101550009624E4000295744E029A2100300000F0B7
:101560000DFB43E090D50008506B0020986A0020E6
:1015700098D5000814D50008A9496B4802F02AFC48
:101580003060002832D1B749674802F023FC306050
:1015900000282BD001279F4E38003721705405209A
:1015A0002821705438003821705472B63100283127
:1015B00083B06846142202F04DFC0EBC300014309B
:1015C00000F0BAFB62B63000283000F03DFC280085
:1015D000607020202754534805609624E40002954B
:1015E000514E029A2100300000F0C8FAC14800783C
:1015F000012800D007E14C484A4909684018001FFB
:1016000000784F2800D0FEE0474846490968401856
:10161000C01E00784B2800D0F5E0434841490968D6
:101620004018801E00780D2800D0ECE03E483D496F
:1016300009684018401E00780A2800D0E3E0AE4F49
:101640003900394802F0C6FBAC4C2060002800D1BC
:10165000B7E0AB480188491C01806E480121372260
:101660008154012138228154B74920680860B74865
:101670002268527B0270B64A23689B7B1370B54B7D
:101680002668F67B1E702668367CC67046780D2E5E
:1016900006D12268527B02700A68D21D0A601BE0E4
:1016A00086780D2E09D123685B7B037023689B7BB2
:1016B00013700A6808320A600EE0C6780D2E0BD14E
:1016C0002668767B06702668B67B16702268D27B09
:1016D0001A700A6809320A6041780D2904D100782D
:1016E0003038B949486437E081780D2909D101784B
:1016F0000A22514340780818B4494018B249486456
:101700002AE0C1780D2915D101786422514342782D
:101710000A235A43891880780818B1494018AA4901
:10172000486419E04C6B0020EC460020486B002018
:10173000F46A00200178FA2292005143427864232F
:101740005A43891882780A235A438918C07808189E
:10175000B34940189C4948642E4E9B48406CF06247
:1017600099484564BD480068F16A0831884228D329
:10177000F06A8021C900884202D20120B0498873F2
:101780003900B74802F026FB206020681030206046
:101790008D4FF06AF864F86C049020680290B148AC
:1017A000396D4418049A0299200002F06DFB012063
:1017B00001003722B15438217054386DF96C40184B
:1017C000386572B6134C2100283183B06846142264
:1017D00002F040FB0EBC2000143000F0ADFA62B6FF
:1017E0002000283000F030FB424F280078709B48E2
:1017F00005609624E4000295994E029A210030007B
:1018000000F0BCF93D7009B0F0BD00BF20D5000864
:101810000CD4000888670020B0670020A0D500081D
:10182000A8D50008F7B506000D006748058602999F
:10183000C162C670834C270028370A20387072B600
:101840002100283183B06846142202F003FB0EBC4D
:101850002000143000F070FA62B6380000F0F4FA9C
:10186000F7BD00001CD40008FEB582B006000D00D4
:1018700000F0D8F85448866045660399416169468E
:10188000097CC1706F4C270028370C20387072B665
:101890002100283183B06846142202F0DBFA0EBC26
:1018A0002000143000F048FA62B6380000F0CCFA9C
:1018B00005B0F0BDFEB506000D0000F0B3F84248DB
:1018C000866045665F4C270028372020387072B646
:1018D0002100283183B06846142202F0BBFA0EBC06
:1018E0002000143000F028FA62B6380000F0ACFA9C
:1018F000F7BD0000086900202CD50008546B0020BB
:10190000BC6B0020F7B506000D0000F08BF82E48E8
:10191000066245626946098901854A4C27002837D5
:101920002120387072B62100283183B06846142215
:1019300002F090FA0EBC2000143000F0FDF962B6FF
:10194000380000F081FAF7BD506B0020986A002043
:10195000996A00209A6A00203EB500F063F8394C7D
:10196000250028352220287072B62100283183B046
:101970006846142202F06EFA0EBC2000143000F00B
:10198000DBF962B6280000F05FFA37BD7CB50500D0
:1019900000F048F80C48C5702A4C260028360E2066
:1019A000307072B62100283183B06846142202F0EC
:1019B00051FA0EBC2000143000F0BEF962B63000BF
:1019C00000F042FA73BD000084630020F0FDFFFFC9
:1019D0006248007870470020604908707047000036
:1019E00030EBFFFF7CB5050000F01CF8154C26001D
:1019F00028360D2030702800C0B2A08672B62100B3
:101A0000283183B06846142202F024FA0EBC20006C
:101A1000143000F091F962B6300000F015FA73BD91
:101A2000B02FFFFF00B54E480178012905D041785D
:101A3000012904D1807B012801D000BFF3E700BD5C
:101A4000446900208867002070B5464C0025464E4A
:101A50002A002100300000F091F870BD4C6B00208E
:101A6000EC460020AC2F0020FEB582B006000D0031
:101A7000FFF7D8FF3848866045666946097CC17023
:101A80003A4C270028372520387072B621002831BB
:101A900083B06846142202F0DDF90EBC2000143039
:101AA00000F04AF962B6380000F0CEF905B0F0BD9A
:101AB00070B506000024250029480079002802D1CD
:101AC0000520050013E001202949C870300080B2CC
:101AD000002802D12120050009E0320092B22249FB
:101AE000244800F0D6FF002801D01120050020482E
:101AF000C4700079002801D1FEF7C5FB2800C0B2F0
:101B000070BDF0B5002423001D000E00ADB2B6B2CA
:101B1000B5421AD2184D1E00B6B2865D3611AE5DC2
:101B2000B4461E00B6B2022777436646D6551E005D
:101B3000B6B2865D3607360FAD5D1E00B6B202271F
:101B40007743D61975705B1CDEE70B009BB202254C
:101B50005D435455F0BD00008463002028690020D7
:101B600008690020D6060000643B0020886700203A
:101B700044690020F062002048D300081206130ACE
:101B80001A43130C1A4300BF094205D0830705D03E
:101B90000270401C491EF9D1704700001300103933
:101BA00006D330B41400150010393CC0FCD230BC50
:101BB000490700D30CC000D504C0890002D30280BD
:101BC000801C002900D5027070470268531C036016
:101BD00011707047816000220260C2604260414A19
:101BE0000261704700B501008A68CB681000643854
:101BF000834201DB012000E0002000BD00B50100B0
:101C0000C868652801DA012000E0002000BD00B5A9
:101C100001008A68C868904201D1012000E00020DC
:101C200000BD00B50100C868002801D1012000E016
:101C3000002000BDF8B504000D002000FFF7E7FF0D
:101C4000002815D1E068401CE0606068012600951E
:101C500021690F1832000099380002F015F9606808
:101C6000401C6060A0686168814201DB0021616006
:101C7000F1BDF8B584B004001B4D01952000FFF7BD
:101C8000D0FF002801D0002028E09627FF00002682
:101C90000296029A39002800FFF770FF1348007A75
:101CA00000281AD12068012503952169081802909F
:101CB000019F039A0299380002F0E6F82068401C60
:101CC0002060E068401EE06009488565A0680090DB
:101CD00020680099884200DB2660019805B0F0BDBD
:101CE000000000009C4B00203C4200204469002082
:101CF00084630020142213004B438360002303609D
:101D0000C36043604E4B0361704770B50400A56823
:101D1000E6682800142103F094FD864201D10120D9
:101D200000E0002070BD00B50100C868002801D1A6
:101D3000012000E0002000BD0EB418B50400200012
:101D4000FFF7E3FF002837D16068142103F079FD25
:101D50002169142242438918049A4A602169142295
:101D60004243891803AA927B8A7321691422424351
:101D7000891803AAD27BCA732169142242438918A5
:101D800003AA12890A816946097B22691423434305
:101D9000D154216914224243891803AA127C0A747F
:101DA000E168491CE160616814316160A1686268A2
:101DB0008A4201DB0022626001B0019810BC04B0CD
:101DC000004710B504002000FFF7ADFF002801D048
:101DD000002034E02068142103F033FD020019488C
:101DE000216914235343C9184968416021691423A8
:101DF0005343C918897B8173216914235343C9183C
:101E0000C97BC173216914235343C918098901810E
:101E1000216914235343C95C01702169142353437E
:101E2000C918097C0174216814312160E168491ED8
:101E3000E160A16823688B4201DB0023236010BDB1
:101E4000AC58002098690020002141600A0082738C
:101E50000A000270C17305210181012101747047DC
:101E600010B50400002C01D101202AE03D20205CA7
:101E7000002805D100203C216054200003F0ACFD77
:101E800002203D216054211D206800F0ABF90120A3
:101E9000482160543E2160543F21605440216054E9
:101EA00041216054422160544321605444216054D4
:101EB0004521605446216054472160543D216054BF
:101EC000002010BD10B501003D20085C012801D0A4
:101ED000012030E002203D23C85401200B68DB685C
:101EE00003430C68E3600B68134CA3420CD00B68EF
:101EF0008024E405A34207D00B68104CA34203D012
:101F00000B680F4CA34210D10B689B680D4C1C4012
:101F10002200062A0ED080235B029A420AD00B6868
:101F20001B6818430B68186004E00B681B681843B3
:101F30000B681860002010BD002C01400004004018
:101F40000040014007000100F8B504002068C068A7
:101F500000902068076902252F421BD00098284076
:101F6000002817D00220C043216808610120207793
:101F7000206880698007800F002803D0200003F0CC
:101F8000AFFD05E0200003F0ACFD200003F0AAFD4A
:101F900000202077042637421BD0009830400028CC
:101FA00017D00420C0432168086125772068806924
:101FB000C02189000140002903D0200003F090FDDA
:101FC00005E0200003F08DFD200003F08BFD0020D4
:101FD000207708252F421AD000982840002816D0D4
:101FE0000820C0432168086126772068C0698007FF
:101FF000800F002803D0200003F072FD05E02000D0
:1020000003F06FFD200003F06DFD0020207710200D
:1020100007421BD000990840002817D01020C04369
:102020002168086125772068C069C02189000140C6
:10203000002903D0200003F053FD05E0200003F049
:1020400050FD200003F04EFD0020207701200742C4
:102050000AD000990840002806D00120C04321681A
:102060000861200000F035FC822080013840002803
:1020700008D00098000605D51648216808612000A0
:1020800003F031FDF80508D50098000605D5124883
:1020900021680861200003F027FD402007420AD094
:1020A00000990840002806D04020C04321680861FC
:1020B000200003F01AFD202007420AD000990840B2
:1020C000002806D02020C04321680861200003F0CA
:1020D0000DFDF1BD7FDFFFFFFFFEFFFFFEB504003A
:1020E0000D000027684607703C20205C012801D1C4
:1020F000022072E001263C20265402203D2160543B
:1021000020688068354901403548084001900198B1
:10211000216888602868002852D0102850D02028D4
:102120004ED030284CD0402840D050282AD06028AB
:1021300032D0702809D080214901884204D0802102
:102140008901884210D040E041E0EB686A68A968E4
:10215000206800F0D0F82068806877210143019161
:1021600001982168886032E0EB686A68A968206895
:1021700000F0C1F8206880688021C901014320680F
:10218000816024E0EA686968206800F085F85021E1
:10219000206800F0A7F81AE0EA686968206800F093
:1021A0008DF86021206800F09DF810E0EA68696809
:1021B000206800F071F84021206800F093F806E0F4
:1021C0002968206800F08EF801E0684606703D201E
:1021D00026543C20275468460078FEBD88FFCEFF79
:1021E000FF00FFFF10B50268244CA04206D08023F8
:1021F000DB05984202D0224B984204D170239A43C7
:1022000013004A681A43A04212D08023DB0598428B
:102210000ED01B4B98420BD01A4B984208D01A4B49
:10222000984205D0194B984202D01A4B984203D1DC
:10223000174B1340CA681A4380239A434B691343D0
:1022400003608A68C2620A688262A04208D00E4AAD
:10225000904205D00D4A904202D00E4A904201D1E0
:102260000A6902630122426104692240002A03D004
:1022700002690124A243026110BD0000002C01404C
:1022800000040040002000400040014000440140A4
:10229000FFFCFFFF0048014030B4056A036A0124D7
:1022A000A34303628369F024A34314011C430A235C
:1022B0009D430D438461056230BC704730B4056AAC
:1022C000036A1024A34303628369124C1C40130366
:1022D0002343A024A5430C012C438361046230BC3A
:1022E0007047000082680A4B13400B4307221A43D1
:1022F00082607047000030B48468074D25400D436C
:1023000015431C022C43846030BC70470000000061
:102310008FFFCFFFFF0FFFFFFF00FFFF30B4036809
:102320000C004C4303256C43A3430C004C43544323
:102330001C43046030BC704730B4C3680C004C438D
:1023400003256C43A3430C004C4354431C43C4601B
:1023500030BC70478162704770B40322C44B1400D4
:102360000C4004256C431C5907250E00360CB54063
:10237000AC430D002D0C0600AE4026430A40042459
:1023800062439E5070BC704781B0BA490A680243EC
:102390000A60096801400091009901B0704710B5CA
:1023A00003F0A6FB00F08DF800F004FA00F0DCF971
:1023B00000F028F900F072F900F0C2F800F0E7F838
:1023C00000F0B0F9D048FFF77DFD002801D000F003
:1023D000B7FA8B4C00222021200002F0D6FE00220A
:1023E0001021200002F0D1FE00220821200002F07E
:1023F000CCFEFA20800003F09DFB0122202120006A
:1024000002F0C3FE01221021200002F0BEFE0122D4
:102410000821200002F0B9FEFA20400003F08AFBF8
:1024200000200100944A11709449087002F061FB89
:10243000934A1421012002F014FC92490860924A48
:102440001421012002F00DFC90490860904A0421FB
:10245000012002F006FC8F4908608F4A012101200B
:1024600002F0FFFBA9490860A94A0121012002F0FE
:10247000F8FBA8490860A84A0421012002F0F1FBFA
:10248000A6490860A64A0021B34802F065FBB3499B
:102490000860B34A0021B34802F05EFBBC49086003
:1024A000BC4A0021BC4802F057FBBC490860BC4A4A
:1024B0000021BC4802F050FBBB49086002F02CFB35
:1024C000FEE738B592B038210024220004AD280080
:1024D000FFF754FB102122006D462800FFF74EFB4A
:1024E0008020800003F03CFB022504958020400002
:1024F00007900894402009900B950C950D940820A6
:102500000E90802080020F90C020C0041090802088
:102510008005119004A803F057FB002801D000F0BB
:102520000FFA072000900195029403940221684657
:1025300003F0B4FD002801D000F002FA13B030BD62
:1025400010B59A4C9A482060D24860600020A06084
:102550000121E16020616061A061E06120622000F2
:1025600003F00AFF002801D000F0EAF90021200062
:1025700004F022FB002801D000F0E2F90021200045
:1025800004F04DFB002801D000F0DAF910BD30B5A1
:1025900087B010210024220003AD2800FFF7EEFAD7
:1025A0000C2122006D462800FFF7E8FA564DBA4884
:1025B00028606C60AC60D448E8602C616C61AC61F0
:1025C0002800FFF74DFC002801D000F0B9F9802069
:1025D0004001039003A92800FFF780FD002801D0E7
:1025E00000F0AEF90094019402946946280004F0CA
:1025F0004BFB002801D000F0A3F907B030BD00006C
:102600000004005010B5C14CC1482060E1204002D8
:1026100060600020A060E06020610C216161A06129
:10262000E061206260620820A06280200002A06356
:10263000200000F089F9002801D000F081F9002184
:10264000200004F08AFB002801D000F079F9002175
:10265000200004F0ADFB002801D000F071F920004B
:1026600004F058FB002801D000F06AF910BD00000A
:102670006018024034100240C96B0020CA6B002071
:102680000CD20008EC6A002024D20008F06A002076
:102690003CD20008F46A002054D2000810B59D4CCA
:1026A0009D482060E120400260600020A060E06062
:1026B00020610C216161A061E061206260620820FC
:1026C000A06280200002A063200000F03DF90028F5
:1026D00001D000F035F90021200004F03EFB002875
:1026E00001D000F02DF90021200004F061FB00284A
:1026F00001D000F025F9200004F00CFB002801D0E7
:1027000000F01EF910BD000014660020F86A0020D9
:102710006CD20008FC6A002084D20008006B002004
:10272000CCCF000880B57D487D490160E121890258
:10273000416000218160C16001610C2242618161C0
:10274000C16101624162816200F0FEF8002801D09F
:1027500000F0F6F801BD00009D280008DC6A0020AA
:10276000F0CF0008A928000880B501206D490A684B
:1027700002430A6009680840009000980022032183
:102780000B2004F0E5FB0B2004F0ECFB01BD000086
:10279000E06A002014D00008B7280008E46A00208E
:1027A00038D00008C5280008E86A002070650020BD
:1027B00000580040F0B589B00C210024220006AD7D
:1027C0002800FFF7DBF9182122006D462800FFF7EB
:1027D000D5F90120FFF7D8FD0220FFF7D5FD8027AE
:1027E0003F023900A020C005FFF7B4FD4E4E08217E
:1027F0003000FFF7AFFD10213000FFF7ABFD2021C7
:102800003000FFF7A7FD49490020FFF7A5FD802014
:102810000690012506A829000172210041722900B5
:10282000817206A804F0FCFB00228021A020C005D4
:10283000FFF782FD00228021A020C005FFF76EFD7A
:10284000009701950294039404946946A020C00562
:1028500004F0BFFC082000900195029403940494B6
:102860006946300004F0B5FC1020009001950294F8
:10287000039404946946300004F0ABFC20200090DF
:1028800001950294039404946946300004F0A1FC7D
:1028900009B0F0BD6621C100002C014010B5040054
:1028A000012002F0CDF9FBE710B5040004F0CEFCE6
:1028B00004F004FD10BD10B5040004F0A0FF04F006
:1028C000A3FFFCE710B5040005F05CF905F092FAEF
:1028D000FCE710B5040020681549884201D105F0D5
:1028E000CBFA2068134988420DD113480168491C6E
:1028F000016012480168002902D00168491E016088
:102900002000FDF7E9FC10BDFFF900003461002054
:1029100000380140C8610020004400405C62002093
:10292000004C004038100240000400500100180024
:1029300000100040004001402C6B0020306B002054
:1029400000B572B6FEE72E0010B50400002C01D1D0
:10295000012037E0A0690028FFD1882020580028F6
:1029600005D1002084216054200005F0E0FA2420E5
:102970008821605020680068012188432168086030
:10298000A06A002802D0200000F05AFC200000F0CD
:10299000ABFA012801D1012014E0206840680A49FF
:1029A000014020684160206880682A2188432168AE
:1029B00088602068006801210143206801602000D0
:1029C00000F0B2FC10BD0000FFB7FFFF38B50400F7
:1029D000002C01D101201DE02420882160502068B6
:1029E000006801218843216808600025206805608F
:1029F0002068456020688560200005F057FB902026
:102A00002550882025508C202550E5662567842098
:102A10002554002032BD70B504000D0016008C2036
:102A20002058202833D1002D03D0300080B2002858
:102A300001D101202CE0A06880214901884207D102
:102A40002069002804D12800C00701D501201FE01B
:102A50000020E06620683D49884211D02068406827
:102A600000020DD5EFF31080012181F31088216859
:102A700009688022D2040A4321680A6080F3108822
:102A8000320092B22900200000F014FD00E0022084
:102A900070BD70B504000E00150088202058202855
:102AA00052D1002E03D0280080B2002801D101208D
:102AB0004BE0A06880214901884207D120690028A5
:102AC00004D13000C00701D501203EE02665542026
:102AD0002552562025520020902160502121882225
:102AE000A150E16F00291DD01949E26FD162194947
:102AF000E26F11631849E26F5163E16F88632B0045
:102B00009BB2206802002832216DE06F02F006FCC3
:102B1000002807D01020902160502020882160508C
:102B2000012012E0402021680862EFF310800121AB
:102B300081F310882168896880220A4321688A60AD
:102B400080F31088002000E0022070BD008000406B
:102B5000C1360008133700083D370008FEB50400F1
:102B60002068C769206805682068806800909A48D6
:102B700038400290029800280FD1202007420CD044
:102B80002840002802D10098C00006D5606F0028B8
:102B900002D02000616F88479DE10298002800D193
:102BA000A9E08E4800990140002904D18C492940B0
:102BB000002900D19FE03900C90709D5E90507D5EB
:102BC0000121226811629022A25811439022A15043
:102BD00002210F420AD0009AD20707D5226811625B
:102BE0009022A258042313439022A3500422174298
:102BF00009D0009BDB0706D523681A629022A258F1
:102C000011439022A15008210F420CD0AA0603D4F0
:102C1000009A1040002806D02068016290202058B9
:102C200001439020215080200001074209D0690112
:102C300007D5216808629020205820210143902068
:102C4000215090202058002854D0202007420BD03B
:102C50002840002802D10098C00005D5606F0028E8
:102C600002D02000616F88479020205801904026B4
:102C7000206880683040002804D101982821014054
:102C8000002931D0200000F0E7FC20688068064071
:102C9000002E25D0EFF31080012181F310882168E8
:102CA0008968402291432268916080F310888020D7
:102CB0002058002810D088488021615888638020DF
:102CC000205802F0CDFB002814D08020205880210D
:102CD0006158896B88470DE0200005F039FA09E05A
:102CE000200005F035FA05E0200005F031FA00205B
:102CF00090216050EFE0E06E012800D0B4E0102099
:102D0000074200D1B0E0054200D1ADE02168086281
:102D100020688068400665D5802020580068466895
:102D2000300080B2002856D030005C21615A80B259
:102D3000884250D25E2026522020802161580968A6
:102D40000968014000293BD1EFF31081012282F391
:102D5000108822681268614B13402268136081F367
:102D60001088EFF31081012282F3108822689268A4
:102D700001239A4323689A6081F31088EFF310814E
:102D8000012282F310882268926840239A432368C4
:102D90009A6081F310888C2160500020E066EFF388
:102DA0001080012181F31088216809681022914365
:102DB0002268116080F310888020205802F00AFBFE
:102DC000022020675C20205A5E21615A411A89B294
:102DD000200005F0BEF97EE00F08000001000010A1
:102DE000200100045C20205A5E21615A461A5E20B0
:102DF000205A002837D0300080B2002833D0EFF3BB
:102E00001080012181F3108821680968344A0A4042
:102E100021680A6080F31088EFF31080012181F3AC
:102E20001088216889682F4A0A4021688A6080F3E7
:102E3000108820208C2160500020E0666067EFF34E
:102E40001080012181F310882168096810229143C4
:102E50002268116080F3108802202067310089B257
:102E6000200005F076F936E080204003074208D0C4
:102E70000099490205D521680862200005F06AF929
:102E800029E0802007420CD02840002802D1009879
:102E9000000206D5A06F002802D02000A16F88474D
:102EA00019E04020074206D02840002803D0200027
:102EB00000F079FC0FE0380205D5680003D520004A
:102EC00005F049F907E0F80105D5002D03D52000EC
:102ED00005F042F9FFE7F7BD8F370008FFFEFFFF5F
:102EE000DFFEFFFFFEFFFFEFF8B584B0060000270E
:102EF000380069460870AE4831688142FFD0B26838
:102F00003169114372690A43F169114332681268E9
:102F1000A84B13400B433268136032685268A64BCB
:102F20001340F2681A4333685A60B26903923268F8
:102F3000824203D00399326A0A4303923168896856
:102F40009E4A0A4003991143326891603168C96A08
:102F50000F229143726A0A433168CA623168B34AE8
:102F6000914215D1B24909688907890F002905D016
:102F7000022905D006D3032906D007E03C0050E023
:102F800002244EE004244CE008244AE0102448E0E7
:102F90003168A84A914216D1A54909680C220A4015
:102FA000002A06D0042A08D0082A04D00C2A06D009
:102FB00007E03C0035E0022433E0042431E008243B
:102FC0002FE010242DE031689B4A914201D13C0052
:102FD00027E03168994A914201D13C0021E03168F3
:102FE00081421DD192490968C02212010A40002A7B
:102FF0000CD08021C9008A420CD0802109018A426C
:1030000006D0C02109018A4206D007E03C0008E052
:10301000022406E0042404E0082402E0102400E076
:1030200010243168814264D12000C0B2002806D04B
:10303000022808D0042808D008280AD00CE003F0A1
:1030400053F905000CE0B64D0AE003F0EDF8050079
:1030500006E080252D0203E03D000120694608704E
:10306000002D00D1D6E02800AE49726A02235A43EF
:10307000895A02F0E6FB02900298716803225143DC
:10308000884206D3706880214901484302998842EA
:1030900003D2012069460870BCE02800A149726A89
:1030A00002235A43895A02F0CCFB002180225200AD
:1030B000002305F053F802000B007068400800215F
:1030C000801859417268002305F061F80190019859
:1030D000C0218900884208D3019880214903884291
:1030E00003D201983168C86094E0012069460870F5
:1030F00090E080252D02F069A84247D12000C0B29F
:10310000002806D0022808D0042808D008280AD0B1
:103110000AE003F0E9F805000AE0814D08E003F059
:1031200083F8050004E003E03D00012069460870D3
:10313000002D6FD028007B49726A02235A43895AB6
:1031400002F07FFB0221484371684908401871680A
:1031500002F077FB01900198102813D30198802189
:10316000490288420ED20199A248084001994908B3
:103170004907490F014368464180684640883168E5
:10318000C86047E001206946087043E02000C0B2F3
:10319000002806D0022808D0042811D0082813D00F
:1031A00013E003F0A1F8050013E05D4D11E000BF4E
:1031B00000800040F369FFCFFFCFFFFFFFF4FF1156
:1031C00003F032F8050004E003E03D000120694609
:1031D0000870002D1ED028005249726A02235A43FB
:1031E000895A02F02EFB716849084018716802F094
:1031F00028FB01900198102809D3019880214902E9
:10320000884204D2019880B23168C86002E001208F
:103210006946087001206A217052682170527767F0
:10322000B7676846007805B0F0BD00BF00380140C0
:10323000541002400044004000480040004C004050
:1032400000B52821415C090707D5016849686A4A29
:103250000A40816B1143026851602821415CC90713
:1032600007D501684968654A0A40C16A1143026886
:1032700051602821415C890707D501684968604A87
:103280000A40016B1143026851602821415C4907E3
:1032900007D5016849685B4A0A40416B11430268DF
:1032A00051602821415CC90607D501688968564AE2
:1032B0000A40C16B1143026891602821415C890674
:1032C00007D501688968514A0A40016C11430268B8
:1032D00091602821415C490614D5016849684C4A2F
:1032E0000A40416C114302685160416C80225203D4
:1032F000914207D101684968464A0A40816C1143EE
:10330000026851602821415C090607D501684968B7
:10331000BF4A0A40C16C11430268516000BD000001
:103320000024F400CCD200087CB5050000249020D5
:103330002C5004F06BFF06002868006800071ED5BB
:10334000B44800903300002280218903280000F057
:1033500063F8002813D0EFF31080012181F3108867
:1033600029680968802291432A68116080F31088D7
:1033700020208821685084202C54032039E02868BC
:10338000006840072BD5A34800903300002280211D
:10339000C903280000F040F8002820D0EFF3108087
:1033A000012181F31088296809689B4A0A4029682D
:1033B0000A6080F31088EFF31080012181F31088F8
:1033C00029688968012291432A68916080F31088F6
:1033D00020208C21685084202C54032009E02020D8
:1033E000882168508C216850EC662C6784202C540E
:1033F000002076BDF0FF0000FF7FFFFFFFFFFDFF15
:10340000FFFFFEFFFFFFFBFFFFEFFFFFFFDFFFFF01
:10341000FFFFEFFFFFFF9FFFFEB504000F00089DB9
:103420002068C0693840B84201D1012000E0002086
:103430006946097988423BD10020C0438542EFD0DC
:1034400004F0E4FE0299401A854201D3002D01D117
:1034500003202EE0206800684007E1D5802FDFD0F0
:10346000402FDDD008262068C069304000280BD0EE
:1034700020680662200000F0EFF89020265000201F
:1034800084216054012014E0802000012168C96972
:1034900001400029C4D021680862200000F0DCF857
:1034A000202090216050002084216054032000E0FF
:1034B0000020FEBD70B5030099655C201A525E20A5
:1034C0001A5200205867802464019D68A5420AD1E1
:1034D0001D69002D03D1794D60269D5324E0FF2501
:1034E00060269D5320E09D68002D0AD11D69002DA6
:1034F00003D1FF2560269D5316E07F2560269D534E
:1035000012E09D6880267605B5420AD11D69002D1E
:1035100003D17F2560269D5306E03F2560269D53FD
:1035200002E0050060269D539025585122208C25ED
:103530005851EFF31080012585F310881D68AD68A0
:1035400001262E431D68AE6080F31088586E8025DA
:10355000AD05A84230D1100068255D5B80B2A8425D
:103560002AD39868A04205D11869002802D16C4876
:10357000586701E06B485867186900280DD0EFF3D1
:103580001080012484F310881C68246880256D0055
:1035900025431C68256080F31088EFF31080012418
:1035A00084F310881C68A46880256D0525431C6879
:1035B000A56080F3108829E09868A04205D11869B9
:1035C000002802D15848586701E0584858671869E0
:1035D00000280ED0EFF31080012484F310881C68BB
:1035E000246890256D0025431C68256080F31088B1
:1035F0000CE0EFF31080012484F310881C68246829
:10360000202525431C68256080F31088002070BDAC
:10361000FFFFF7FFFFFFFF01DFFEFFFFEFF310816A
:10362000012282F3108802681268C0239A4303685B
:103630001A6081F31088EFF31081012282F3108861
:10364000026892683A4B13400268936081F31088D5
:10365000202188228150704700B5EFF310810122AC
:1036600082F3108802681268324B134002681360BC
:1036700081F31088EFF31081012282F31088026831
:1036800092682D4B13400268936081F31088C16EDD
:1036900001290CD1EFF31081012282F31088026816
:1036A000126810239A4303681A6081F3108820215E
:1036B0008C2281500021C166416700BDFF010000DE
:1036C00038B50400A56A2068006880061DD4002073
:1036D00056216852EFF31080012181F31088296888
:1036E0008968802291432A68916080F31088EFF303
:1036F0001080012181F310882968096840220A435B
:1037000029680A6080F3108802E0280002F0BBF903
:1037100031BD38B50400A56A280004F07DFD31BD37
:10372000C13B0008CD390008CD380008D737000864
:10373000FFFF7FFFDFFEFFFFFEFFFFEFF8B5040096
:10374000A56A88202F588C202E582868806800068B
:1037500007D5212F05D10020562168522800FFF7F8
:103760005DFF28688068400607D5222E05D100201D
:103770005E2168522800FFF76FFF90202858102123
:10378000014390202950280004F0E2FCF1BD38B537
:103790000400A56A00205E21685256216852280064
:1037A00004F0D6FC31BD10B50400EFF31080012108
:1037B00081F31088216809684022914322681160D2
:1037C00080F310882020882160500020A06720000E
:1037D00002F059F910BD70B504006020255A8C2004
:1037E000205822286BD12068406A0600300029004A
:1037F0000140A06D0170A06D401CA0655E20205AA4
:10380000401E5E2160525E20205A00285DD1EFF3F9
:103810001080012181F3108821680968694A0A40F3
:1038200021680A6080F31088EFF31080012181F392
:10383000108821688968012291432268916080F391
:10384000108820208C21605000206067206721684C
:103850005D4A914210D02168496809020CD5EFF306
:103860001081012282F3108822681268D34B134022
:103870002268136081F31088E16E01291BD1E06694
:10388000EFF31080012181F310882168096810226C
:1038900091432268116080F3108810202168C96963
:1038A0000140002901D0216808625C20215A2000D3
:1038B00004F04FFC09E0200002F0EFF805E020687A
:1038C0008069082101432068816170BDF8B504005A
:1038D0006020255A8C20205822286BD12068406A0D
:1038E0000600A06D0700280030403880A06D801CC5
:1038F000A0655E20205A401E5E2160525E20205A44
:1039000000285DD1EFF31080012181F31088216838
:1039100009682C4A0A4021680A6080F31088EFF396
:103920001080012181F31088216889680122914368
:103930002268916080F3108820208C216050002044
:10394000606720672168204A914210D02168496849
:1039500009020CD5EFF31081012282F3108822684E
:103960001268964B13402268136081F31088E16E51
:1039700001291BD1E066EFF31080012181F310884B
:1039800021680968102291432268116080F3108831
:1039900010202168C9690140002901D0216808620E
:1039A0005C20215A200004F0D4FB09E0200002F042
:1039B00074F805E02068806908210143206881616E
:1039C000F1BD0000DFFEFFFF00800040FEB50400F7
:1039D0006020205A6946C8802068C5692068076849
:1039E0002068806802908C202058222800D0DEE0D9
:1039F0006820205A6946488068464088002800D1DF
:103A0000AAE02026354200D1A6E02068406A694637
:103A10008880684680886946C9880140A06D017029
:103A2000A06D401CA0655E20205A401E5E216052A1
:103A30002068C06905006807400F002831D02800C1
:103A4000C00709D5F80507D5012021680862902133
:103A50006158084390216050022005420AD0029923
:103A6000C90707D5216808629021615804220A43DA
:103A70009021625004210D4209D0029AD20706D546
:103A80002268116290216158084390216050902073
:103A90002058002805D0200004F05AFB0020902177
:103AA00060505E20205A0028A6D1EFF3108001213B
:103AB00081F3108821680968BF4A0A4021680A60BA
:103AC00080F31088EFF31080012181F310882168C2
:103AD0008968BA4A0A4021688A6080F310888C207D
:103AE00026500020606720672168B54A914210D0B7
:103AF0002168496809020CD5EFF31081012282F395
:103B00001088226812682D4B13402268136081F3DD
:103B10001088E16E01291BD1E066EFF310800121CE
:103B200081F310882168096810229143226811608E
:103B300080F3108810202168C9690140002901D054
:103B4000216808625C20215A200004F002FB53E740
:103B5000200001F0A2FF4FE75E20205A694608804E
:103B600068460088002828D0684600886821615A85
:103B7000884222D2EFF31080012181F3108821685E
:103B80008968904A0A4021688A6080F310888E48CC
:103B90006067EFF31080012181F3108821680968C4
:103BA00020220A4321680A6080F3108805E020681B
:103BB00080690821014320688161F7BDFFFFFFFB99
:103BC000F8B584B004006020205A6946C880206897
:103BD000C569206807682068806802908C2020589A
:103BE000222800D0E0E06820205A694648806846D4
:103BF0004088002800D1ACE02026354200D1A8E062
:103C00002068406A69468880A06D03906846808875
:103C10006946C988014003980180A06D801CA06599
:103C20005E20205A401E5E2160522068C069050057
:103C30006807400F002831D02800C00709D5F805D3
:103C400007D501202168086290216158084390211E
:103C50006050022005420AD00299C90707D52168A1
:103C600008629021615804220A4390216250042185
:103C70000D4209D0029AD20706D52268116290211E
:103C8000615808439021605090202058002805D0AA
:103C9000200004F05DFA0020902160505E20205A40
:103CA0000028A4D1EFF31080012181F3108821684E
:103CB0000968414A0A4021680A6080F31088EFF3DE
:103CC0001080012181F31088216889683B4A0A40ED
:103CD00021688A6080F310888C202650002060675D
:103CE00020672168364A914210D02168496809024C
:103CF0000CD5EFF31081012282F31088226812683C
:103D0000324B13402268136081F31088E16E012961
:103D10001BD1E066EFF31080012181F31088216848
:103D20000968102291432268116080F310881020E6
:103D30002168C9690140002901D0216808625C201E
:103D4000215A200004F005FA51E7200001F0A5FEF9
:103D50004DE75E20205A69460880684600880028A2
:103D600028D0684600886821615A884222D2EFF341
:103D70001080012181F3108821688968114A0A4066
:103D800021688A6080F3108811486067EFF3108023
:103D9000012181F310882168096820220A432168E3
:103DA0000A6080F3108805E02068806908210143DB
:103DB0002068816105B0F0BDFFFEFFFFFEFFFFEF51
:103DC00000800040FFFFFFEFD7370008FFFFFFFB39
:103DD000CD38000870B50D78002D11D00C0004E02E
:103DE000491C0E78964207D0401C290004F016FAB0
:103DF000002805D0010023005B1C1A78002AEFD1AF
:103E000070BD4300431C0178401C0942FBD1C01A1D
:103E10007047FEE70CB418B583B004000A0006A88A
:103E2000029001940020009002AB01A90848784458
:103E30001E3004F001FA0021019A1170002801D40B
:103E40000198001B04B0019910BC03B0084700BFE3
:103E50007BDDFFFF70B4103A03D378C9103A78C005
:103E6000FBD2530701D318C918C001D508C908C02F
:103E7000D20704D30B880380891C801C002A01D53B
:103E80000B78037070BC70478B0701D18307E1D0BA
:103E9000124205D00B78491C0370401C521EF9D108
:103EA0007047FEE7FEB5002069460870FCF748F948
:103EB0005B4F01203871FDF7C7FDDE4D59A1280089
:103EC000FFF7A8FFDC4C00222021200001F05DF963
:103ED0002800FFF797FF80B2FDF7EAFD06003000EB
:103EE000C0B200280FD16420FCF780FD060001223B
:103EF0002021200001F049F93000C0B2002802D092
:103F00003000C0B22CE2FDF79FFDCC492800FFF73E
:103F100081FF00222021200001F037F92800FFF75F
:103F200071FF80B2FDF7C4FD6946087068460078ED
:103F3000002810D16420FCF759FD69460870012261
:103F40002021200001F021F968460078002802D0E5
:103F50006846007804E2FA20800001F0EBFD0022C0
:103F60002021200001F011F9192001F0E3FD0122C8
:103F70002021200001F009F9192001F0DBFDB879BA
:103F80000028ECD0FDF760FDAA4DAD492800FFF7F1
:103F900041FF00222021200001F0F7F82800FFF760
:103FA00031FF80B2FDF784FD07003800C0B2002861
:103FB0000FD16420FCF71AFD070001222021200008
:103FC00001F0E3F83800C0B2002802D03800C0B2D7
:103FD000C6E1FDF739FDE3492800FFF71BFF00228A
:103FE0002021200001F0D1F82800FFF70BFF80B25C
:103FF000FDF75EFD06003000C0B2002814D1642039
:10400000FCF7F4FC060001222021200001F0BDF89D
:104010003000C0B2002807D03000C0B2A0E100BF1D
:104020000869002041540D00FDF70EFDCE4928001F
:10403000FFF7F0FE2800FFF7E5FE80B2FDF738FD40
:10404000070000222021200001F09FF83800C0B2B4
:10405000002808D16420FCF7C9FC070001222021B8
:10406000200001F092F8FDF7EFFCC0492800FFF7AF
:10407000D1FE2800FFF7C6FE80B2FDF719FD06004D
:1040800000222021200001F080F83000C0B200287A
:1040900008D16420FCF7AAFC0600012220212000A0
:1040A00001F073F8FDF7D0FCB1492800FFF7B2FE2C
:1040B0002800FFF7A7FE80B2FDF7FAFC07000022F8
:1040C0002021200001F061F83800C0B2002808D19A
:1040D0006420FCF78BFC070001222021200001F066
:1040E00054F8FDF7B1FCA34AC4492800FFF792FE3B
:1040F0002800FFF787FE80B2FDF7DAFC06000022F9
:104100002021200001F041F83000C0B2002808D181
:104110006420FCF76BFC060001222021200001F046
:1041200034F8FDF791FCB6480268B6492800FFF75D
:1041300071FE2800FFF766FE80B2FDF7B9FC0700AC
:1041400000222021200001F020F83800C0B2002811
:1041500003D16420FCF74AFC0700FDF775FCAA496F
:104160002800FFF757FE2800FFF74CFE80B2FDF74E
:104170009FFC060000222021200001F006F83000FC
:10418000C0B2002808D16420FCF730FC06000122F0
:104190002021200000F0F9FF04F038F80190FA2700
:1041A000BF00380001F0C6FCFDF74EFCB349280003
:1041B000FFF730FE2800FFF725FE80B2FDF778FC00
:1041C0006946087000222021200000F0DEFF6846CA
:1041D0000078002809D16420FCF708FC69460870C3
:1041E00001222021200000F0D0FFFDF72DFCA44982
:1041F0002800FFF70FFE2800FFF704FE80B2FDF74E
:1042000057FC6946087000222021200000F0BDFF05
:104210006420FCF7EBFB060001222021200000F0C7
:10422000B4FF3000C0B239280CD1002069460870B4
:1042300012E000BF643B00200004005048D1000899
:1042400084D4000803F0E2FF0199401AAA49884289
:10425000A5D301206946087000222021200000F02B
:1042600094FFFDF7F1FBA5492800FFF7D3FD2800D7
:10427000FFF7C8FD80B2FDF71BFC69460870684671
:104280000078002809D16420FCF7B0FB694608706B
:1042900001222021200000F078FFFA20400001F0E8
:1042A00049FCFDF7D1FB96492800FFF7B3FD280034
:1042B000FFF7A8FD80B2FDF7FBFB06003000C0B29F
:1042C000002803D16420FCF791FB0600FDF7BCFB3E
:1042D000A6492800FFF79EFD2800FFF793FD80B256
:1042E000FDF7E6FB6946087000222021200000F05F
:1042F0004CFF68460078002809D16420FCF776FB63
:104300006946087001222021200000F03EFFFDF7E1
:104310009BFB97492800FFF77DFD2800FFF772FD02
:1043200080B2FDF7C5FB050000222021200000F02F
:104330002CFF2800C0B2002808D16420FCF756FBEF
:10434000050001222021200000F01FFF380001F0AD
:10435000F1FB00222021200000F017FF2800C0B24E
:10436000FEBD00BF38D5000890D400089CD40008DA
:10437000A8D4000840D50008F7B582B01F0000247B
:104380002000694608700194FA20800001F0D2FBF9
:104390003B78049A03990298FDF766FA03F036FF1A
:1043A0000500744E307D01280CD07348807D332881
:1043B00008D003F02BFF401B70498842F1D3012045
:1043C00069460870307D012803D120003075200037
:1043D0000DE06949887D332802D133208C7500E0D7
:1043E00001200100C9B2002901D0C0B203E0814917
:1043F00009783970C0B205B0F0BD0000ACD3000838
:104400003000002064D10008B4D40008F3B583B0B4
:1044100000246846047004990398FDF74BFA03F0F2
:10442000F5FE0190534D6C76534E714F3C70687E93
:1044300001280CD0B07D362809D003F0E7FE0199A1
:10444000401A8A498842F2D3012069460870687E82
:10445000012802D16C7620000CE0B07D362802D114
:1044600036203C7000E001200100C9B2002901D0D3
:10447000C0B200E0C0B205B0F0BD0000C0D400087A
:10448000CCD40008F7B582B00024684604706846B2
:10449000028A03990298FDF735FA03F0B7FE0190FE
:1044A000344DEC76344E524F3C70E87E01280CD0EF
:1044B000B07D362809D003F0A9FE0199401A814940
:1044C0008842F2D3012069460870E87E012802D1B3
:1044D000EC7620000CE0B07D362802D136203C700E
:1044E00000E001200100C9B2002901D0C0B200E003
:1044F000C0B205B0F0BD0000E1930400D8D40008BC
:10450000E4D40008FEB5002468460470FDF724FAE0
:1045100003F07CFE0190174D6C77174E344F3C70C2
:10452000687F01280CD0B07D362809D003F06EFEDC
:104530000199401A72498842F2D3012069460870F5
:10454000687F012802D16C7720000CE0B07D36280E
:1045500002D136203C7000E001200100C9B20029E0
:1045600001D0C0B200E0C0B2FEBD000080D10008A2
:1045700050CF00080869002044690020D1070000DE
:10458000F7B582B000242000694608705D4869468E
:10459000097A405C00280BD1684680898021C900D7
:1045A000884203DA68468089002801D104201CE093
:1045B000049A684681896846007AFDF733F903F06A
:1045C00025FE0700504DE87C01280BD04F4E03F02C
:1045D0001DFEC01B3060306849498842F2D301207B
:1045E00069460870EC746846007805B0F0BD0000BC
:1045F0005A6900208463002070B506000024FDF78E
:1046000023FA434D43492800FFF704FC2800FFF735
:10461000F9FB80B2FDF74CFA05002800C0B2002873
:1046200005D001203849C8730F203B498875012007
:1046300035490870FDF708FA2800C0B270BD70B5A2
:1046400005000C0000200600334948752D4829005C
:10465000C9B2405C002806D02800C0B2FDF7C2F9FC
:104660003000C0B200E0022070BD0000214E00000A
:10467000F7B582B0002427000094049802780399CB
:104680000298FDF7F1F903F0C1FD0500FA20800062
:1046900001F050FA1C4EF07F012809D003F0B6FD5E
:1046A000401B1E498842F5D3012007002000B07747
:1046B000F07F012802D12000F07727003800C0B237
:1046C00005B0F0BDA10F000010B50024FDF7BCF946
:1046D00013480C494278895C00290FD00E4949786B
:1046E000002904D142780F490F48FFF793FB0E4889
:1046F000FFF788FB80B2FDF7DBF9040010BD000076
:1047000011270000286B002008690020346B00206E
:10471000643B0020BCD3000844690020214E000007
:10472000846300200CD30008643B002010B50024F3
:10473000E120400201F0F4F801F0DAF8FBF7BEFCEA
:10474000E4B2200010BD10B5002004007D497E4A6F
:1047500011607E497E4A116002217E4A11707E49B5
:1047600008607E490870FFF79DFB0100C9B200296F
:1047700001D0C0B200E0C0B210BDF1B583B00020DE
:10478000029003980090764D009873490860754C2C
:104790000098210001F055F801910098210001F0E6
:1047A00050F80400704E01983C2101F047F8316048
:1047B000E1273F010198390001F043F808003C214E
:1047C00001F03CF870600198390001F037F8B060F2
:1047D000201D072101F032F8B16103273D420FD1BE
:1047E0002800642101F02AF8002906D12800C821F8
:1047F000490001F023F8002902D1B720400001E070
:10480000FF206E30844217D32F40002F0FD1280095
:10481000642101F013F8002906D12800C8214900BD
:1048200001F00CF8002902D1B720400001E0FF2080
:104830006E30241A6D1CD0E74B4E4C48281870611E
:10484000F461002030613D420ED12800642100F067
:10485000F5FF002906D12800C821490000F0EEFF2D
:10486000002901D1012000E000204149C0B23022DE
:1048700050430818316904225143405884421FD3E1
:104880003D420ED12800642100F0D8FF002906D156
:104890002800C821490000F0D1FF002901D10120E2
:1048A00000E000203249C0B230225043081831697C
:1048B000042251434058241A3069401C3061C2E739
:1048C000641CF4600020306270692A4940187061ED
:1048D0003069401C3061029804B0F0BDF8B50600A4
:1048E0000D0014001F003A0021002800164B1B6821
:1048F0009847F1BD10B504002000154909688847A4
:1049000010BD70B504000D0016001B482178090683
:10491000627812040A43A17809021143E2780A433B
:104920001649511801600068FFF727FF70BD72B685
:1049300001210A4A117062B60221064A11707047BD
:104940000000000003490008386B00202F490008D0
:104950003C6B0020D26B0020446B0020D16B002008
:10496000B2070000805101008C68002094F8FFFF1E
:10497000E4CD00086C070000406B00208081557C6E
:10498000FEB506000D00140000270020009002ABC9
:10499000220029003000FFF7EFFCC0B2FEBD76B563
:1049A00005000C00002601AA21002800FFF760FE88
:1049B000C0B276BD38B5040000252000C0B2FCF7B7
:1049C000E5FF2800C0B232BD70B505000C0000261E
:1049D00021002800FFF71AFDC0B270BDF8B506002F
:1049E0000D0014000027220092B229003000FFF7CA
:1049F00049FDC0B2F2BD10B50024FFF783FDC0B27F
:104A000010BD70B505000C0000262A00210089B2F7
:104A10000020FFF7B5FDC0B270BD70B505000C00F9
:104A200000262A00210089B20020FFF7A9FDC0B2AC
:104A300070BD10B5040001212000C0B2FFF7FFFDDA
:104A400010BDFEE7F0B5020052B2002A1CD40322CA
:104A50003D4B040064B2A40804256C431C59FF2597
:104A60001600064008277E43B540AC438D01EDB2E9
:104A700002400826724395402543020052B2920834
:104A8000042462439D5022E00F24304B0322050092
:104A90006DB22540083DAE0804256E4305006DB299
:104AA0002C40083CA40804256C431F59FF24A4464D
:104AB00015000540082465436446AC40A7438C01BB
:104AC000E4B2024008256A4394403C439C51F0BD47
:104AD00080B51F48006804F039FF012801D005F0B7
:104AE0002CF801BD80B500210420C043FFF7AAFFC8
:104AF00001BD00B5EFF30580002802D00520C043BA
:104B000009E014480168002903D101210160002057
:104B100001E00020C04300BD10B5EFF30580002880
:104B200002D00520C0430DE00A4C2068012807D1BF
:104B3000FFF7D8FF0220206004F06EFC002001E0A7
:104B40000020C04310BD000000E400E01CED00E0C8
:104B500010E000E0C06A0020F8B588B006000F0041
:104B6000140000250595EFF30580002865D130007D
:104B7000002862D08020069018200490079500201D
:104B8000C0430390002C35D02068002801D0206855
:104B90000790A069002801D0A0690490049800281B
:104BA00007D00498392804D2012061680140002907
:104BB00001D0002042E06169002902D061698908C2
:104BC0000691A16800290AD0E1685C2907D3216910
:104BD000002904D06169002901D003900BE0A0688E
:104BE000002808D1E068002805D12069002802D1FA
:104BF000039500E00395039801280DD1A068029069
:104C000020690190049800903B00069A07993000B3
:104C100004F0D2FA059010E0039800280DD105A801
:104C20000190049800903B00069A92B207993000D8
:104C300004F0FAFA012800D00595059809B0F0BDF6
:104C400038B50400EFF30580002802D00525ED43B8
:104C500005E00025002C02D0200004F0B5FB280060
:104C600032BDF8B584B006000F001400002502958F
:104C7000EFF3058000284BD1002E49D0002F47D0FC
:104C80000020C0430190002C1ED0A06800280DD049
:104C9000E06850280AD32069002807D061693000F5
:104CA0007843814202D3012001900EE0A0680028E1
:104CB0000BD1E068002808D12069002805D160697F
:104CC000002802D1019500E001950198012809D141
:104CD00000200090A36822693900300004F09CFF96
:104CE000029008E00198002805D100223900300028
:104CF00004F0D4FF02900298002809D0002C02D0C2
:104D00002068039000E003950399029805F0A3FA48
:104D1000029805B0F0BDF7B507000C001D00009724
:104D200000200600EFF3058100291FD0009900291B
:104D300003D0002C01D0002D03D00320C043060077
:104D40002EE00190002301AA2100009805F084F8CC
:104D5000012803D00220C043060021E0019800286A
:104D60001ED0802040053349086019E000980028D3
:104D700001D0002C03D10320C043060010E0002323
:104D80002A002100009804F0BFFF012808D0002D60
:104D900003D00120C043060002E00220C043060009
:104DA0003000FEBDFEB506000C0017000096002086
:104DB0000500EFF3058100291FD00099002904D0D8
:104DC000002C02D00299002903D00320C043050023
:104DD0002DE0019001AA2100009805F033F9012887
:104DE00003D00220C043050021E0019800281ED016
:104DF000802040050F49086019E00098002801D084
:104E0000002C03D10320C043050010E0029A2100CA
:104E1000009805F07FF8012809D00298002803D0F7
:104E20000120C043050002E00220C0430500280025
:104E3000FEBD000004ED00E070B504002600EFF3B5
:104E40000580002802D00525ED4309E0002E02D19F
:104E50000325ED4304E000250021300004F0A0FE0E
:104E6000280070BDF1B582B000230868D840002842
:104E700000D1EBE0012508682C009C40044001941F
:104E80000198002800D1DFE003264868304001285F
:104E900003D04868304002281ED1029887681C0061
:104EA000022044433000A0408743C86884461C0069
:104EB000022044436046A0403843029CA060029C0C
:104EC00067682C009C40A7434C6824092C409C40F8
:104ED0003C432200029C626048683040032812D0A4
:104EE0000298C7681C00022044433000A04087435A
:104EF000886884461C00022044436046A040384332
:104F000002000298C26048683040022821D102980D
:104F1000DC0804277C430019076A072000970F2448
:104F2000A4461F000740042467436446BC40009F1A
:104F3000A743BC460F691C002040042460438740FF
:104F4000604607433A000298DC0804277C430019B6
:104F50000262029807681C00022044433000A0400F
:104F600087434868304084461C0002204443604622
:104F7000A04038430200029802604868C024A4029E
:104F80000440002C60D08E4C9808042778432058A9
:104F900000900F27BC461F00300038400827784398
:104FA000674687400098B84300900298A027FF0505
:104FB000B84201D1002510E00298824A90420CD0FC
:104FC0000298814A904201D1022506E002987F4A68
:104FD000904201D1350000E0052500981A001640E6
:104FE00008225643B54005439808042250432550F3
:104FF000774A1068019CA0434C68E40202D5040083
:10500000019820431060734C2268019DAA434D68AB
:10501000AD0202D51000019A024322606E4C206856
:10502000019DA8434D68AD0302D5020001981043CD
:1050300020606A4C2268019DAA434D68ED0302D5A9
:105040001000019A024322605B1C0EE7F7BDF2B527
:1050500082B0010000220298D040002800D193E0E5
:10506000012302981C0094400440009400980028FA
:1050700000D187E05248940804256C430059032668
:105080000F24150037002F4008256F432500BD4031
:1050900005400195A020C005814201D100250FE007
:1050A0004848814201D11D000AE04748814201D1B0
:1050B000022505E04548814201D1350000E0052583
:1050C000019884461700300038400827784385400F
:1050D0006046A84228D141480568009FBD4305604D
:1050E0003D480568009FBD4305603A480568009F3C
:1050F000BD43056036480568009FBD43056010004C
:1051000035000540082045432000A84001902C4868
:10511000950804277D434759019DAF438446950870
:1051200004204543604647510868170002256F4335
:105130003500BD4005430D60D008042568430D18B7
:10514000D008042778430818006AA44614006707AB
:105150007F0F042467436446BC40A04328628C68E8
:105160001500022045433000A84084438C60486805
:10517000934098434860C8681300022463439E40EC
:10518000B043C860521C66E7F7BD00B51300DBB240
:10519000002B03D00B009BB2836102E00B009BB29B
:1051A000836200BD10B442690B009BB213401B0424
:1051B0000C00A4B294431C43846110BC70470000EF
:1051C000601802400004005000080050000C00501D
:1051D000001802400418024084180240801802405F
:1051E00010B50400002C01D1012050E020689B493B
:1051F0004018142100F025FB8000206402202521A6
:10520000605420680068BA49014020680160206845
:105210000068A1680143E0680843216901436069AF
:105220000843A1690143E0690843216A01432068FA
:105230000160200000F008FAA0688021C9018842BE
:1052400001D10020606020798006800E616C0860CA
:10525000E06CA16C4860606800280CD0606805288C
:1052600009D2200000F008FA0020216D0860A06D2E
:10527000616D486003E0002020656065A065002046
:10528000E06301212522A15424216054002010BD97
:1052900070B50400002C01D101203EE020680068B8
:1052A000012188432168086020686C494018142156
:1052B00000F0C7FA800020640025206805608D4852
:1052C000016801224023E35C1C261E40B2400A43D1
:1052D0000260200000F0B8F9606C0560E06CA16C21
:1052E0004860606800280AD06068052807D220005E
:1052F00000F0C2F9206D0560A06D616D4860256504
:105300006565A565E56225636563A563E5632800BA
:105310002521605424202554002070BDF7B50400D9
:105320001F00002006002421615C012901D1022018
:105330004FE0012529002422A1542521615C012987
:1053400040D102212522A154E06320680068012198
:105350008843216808603B00029A0199200000F010
:105360004BF9206B002806D0206800680E2101430D
:10537000206801600BE020680068042188432168F0
:105380000860206800680A21014320680160606CA1
:105390000068C00306D5606C0068802149000143A5
:1053A000606C0160206D002806D0206D00688021AF
:1053B00049000143206D01602068006805432068B2
:1053C000056004E08021E163242160542E00300058
:1053D000C0B2FEBD70B50100002901D101203BE043
:1053E0002520085C022806D00420C863002024225F
:1053F0008854012030E0086800680E2290430A6853
:1054000010603D484A6C126802404B6C1A600A6892
:10541000126801239A430B681A600122354B1C68FD
:1054200040254D5D1C262E401500B54025431D60CE
:10543000CB6C8C6C63600B6D002B07D00B6D1B6805
:1054400018400B6D1860886D4B6D586025200A540C
:10545000002024228854002070BD0000F8FFFDBF0A
:10546000F8B50400002005002521615C022904D064
:105470000420E0630120050036E0216809680E225F
:1054800091432268116021680968012291432268D2
:1054900011601949626C12680A40636C1A6001223B
:1054A000144B1E68B4464026A75D1C263E401700DC
:1054B000B740664637431F60E36CA66C7360236D8C
:1054C000002B07D0236D1B681940236D1960A16D57
:1054D000636D59602521625424216054A06B00281B
:1054E00002D02000A16B88472800C0B2F2BD0000A6
:1054F0000F80FFFF04000240FFFEFFFFF8B504002D
:105500003C480568206806681C210420226C0A407B
:10551000030093402B40002B19D0064217D022687D
:105520001268920605D42268126804239A432368FD
:105530001A60444A1368276C394088401843106049
:10554000206B002854D02000216B884750E00222B5
:10555000206C0840130083402B40002B1FD01642C4
:105560001DD020680068800608D4206800680A23DF
:1055700098432368186001202523E05431480368CC
:10558000276C39408A401A4302600020242160546D
:10559000E06A00282CD02000E16A884728E0082033
:1055A000226C0A40030093402B40002B20D0304057
:1055B00000281DD0206800680E22904322681060E9
:1055C0000123204A1068276CBC460F0061460F403B
:1055D0001900B94001431160E363252023540020E2
:1055E00024216054606B002802D02000616B884742
:1055F000F1BD000000000240F0B5C46C856C6C6029
:10560000046D002C02D0846D456D6C600D4C2768D4
:105610000125AC464025455D1C262E406546B5401B
:105620003D432560046863608468102C04D10468DD
:10563000A2600468E16003E00468A1600468E260BD
:10564000F0BD00000400024010B50400206C80088A
:10565000042148431149401860642078C0B20838DA
:10566000142100F0EEF80E49A16401210200D206D7
:10567000D20E9140E16410BD01798906890E0422A1
:105680004A43084BD2180265074A426501220B00C3
:105690005B1E9B079B0F9A40826570470008024083
:1056A00080080240FC08024040090240FCB587B077
:1056B0000C001500002B01D0002119600390064654
:1056C00000E0761C307804F003FE0028F9D13000A9
:1056D00001782D2901D02B2903D16A461170401C75
:1056E00002E02B216A4611700194002D03D4012D94
:1056F00001D0252D04DB002C55D00398206052E00A
:10570000002D0ADD102D16D10178302913D14178F2
:1057100020220A43782A0ED10AE00178302901D0EC
:105720000A2508E0417820220A43782A02D1102570
:10573000801C00E00825069000E0401C017830291C
:10574000FBD0002405902B4A7A44A83228326B46BD
:105750005A700295049F05000494264E7E449436A8
:1057600008E0049469464978471AFFB20298444316
:10577000E4196D1C287804F0B4FD029A0100300091
:10578000283004F0B7FD0028EBD1029938002F0033
:105790002500049C069ABA4207D10198002802D03D
:1057A000039801990860002022E0059ABA1A735CF8
:1057B000D21A002A11D405DC281A03D300F041F8CC
:1057C000A0420AD000BF00BF0898002802D00120E4
:1057D000089908600025ED4305E0684600782D280B
:1057E00001D1684205000198002800D00760280018
:1057F00009B0F0BD5076000080B50023FFF756FFDA
:1058000002BD80B5FFE70A220021FFF7F5FF02BDC8
:10581000F446002804D4494200F013F8404260479F
:105820004042002905D45FD000F00BF840424942C5
:105830006047494200F005F84942604703460B4380
:10584000E6D40022030A8B420BD203098B4219D201
:1058500043088B422ED2411A00D2014652411046D3
:105860007047FF2209023FD012068B4205D3121265
:1058700009028B4201D31212090203098B4219D388
:1058800000E0090AC3098B4201D3CB01C01A52417F
:1058900083098B4201D38B01C01A524143098B42C9
:1058A00001D34B01C01A524103098B4201D30B01B2
:1058B000C01A5241C3088B4201D3CB00C01A5241D7
:1058C00083088B4201D38B00C01A524143088B429C
:1058D00001D34B00C01A5241884200D3401A5241B2
:1058E000CFD201461046704708B504F00FFD08BD41
:1058F00010B56F4800686F49FFF7A3FF0400641EEE
:105900006D486E4901606321C160446000210161FE
:105910008160FCF7A5FA002801D0FDF711F810BD51
:10592000F8B50700012067490A6802430A60096860
:10593000084000900098644E644830601020B060C9
:105940000024F460802030617461B461F4613462D9
:10595000332070603000FFF743FC5D4DEE67B562A9
:1059600001220021092001F0F3FA092001F0FAFADE
:10597000584828606F60AC60EC602C610C20686156
:10598000AC61EC612C626C62AC622800FDF71EF821
:10599000002801D0FCF7D4FF2800FCF7D5FF002831
:1059A00002D0FCF7CDFF07E0002201211B2001F00F
:1059B000CFFA1B2001F0D6FAF1BD80B54448FDF7BF
:1059C000CDF801BD80B53C48FCF7BEFA01BD80B5FD
:1059D0003B48FCF7B9FA01BD70B58EB00400342124
:1059E00000252A0001AE3000FCF7C8F820683A49CB
:1059F00088421CD18020800301900B9501A804F0FF
:105A000087FC002801D0FCF79BFF80210901334867
:105A100002680A4302600068014000910098002279
:105A200001210D2001F094FA0D2001F09BFA244889
:105A3000844211D180218902284802680A43026009
:105A4000006801400091009800220321152001F018
:105A50007FFA152001F086FA1748844211D180217F
:105A600049021E4802680A43026000680140009132
:105A7000009800220321142001F06AFA142001F09A
:105A800071FA0EB070BD10B504002068114988424B
:105A900002D12000FAF76CFF10BD10B50400206899
:105AA0000C49884202D12000FAF76CFF10BD0000BB
:105AB0003C000020102700006066002000400140EC
:105AC000AC66002038100240146500200800024037
:105AD000F062002000380140002C014040100240DC
:105AE0007047704770477047704770477047FEE7D0
:105AF00010B500240C480168802252000A4302605D
:105B0000032004F03FFD002802D00120040001E042
:105B100002F0BEF92000C0B210BD04490A68044B6F
:105B2000134003430B607047002002400000014017
:105B3000FFF9FFFF70B5040002F068FB05002600C6
:105B40000020C043864202D004480078361802F094
:105B50005DFB401BB042FAD370BD00BFC9000020FE
:105B600030B504000F4801680F4A0A402243026022
:105B700080208000844212D10C48006806214843EE
:105B80000B49FFF75EFE401C05000A48006840050F
:105B900005D5002D01D06D1EF7E7032000E00020A1
:105BA00030BD000000700040FFF9FFFF3C00002006
:105BB00040420F001470004002480168E020C0011C
:105BC0000840704708100240F8B584B00400002C6B
:105BD00001D101204FE201262068304000285CD02E
:105BE000B3480068382101400291B248006880073C
:105BF000800F01900298102802D10198032802D04A
:105C00000298082808D1AC480068800345D5606830
:105C1000002842D101202EE28020400261688142AA
:105C200004D1A5490A681043086017E06168A02202
:105C3000D202914209D1A0490A688023DB021343B2
:105C40000B600A681043086008E09B480168B04A8E
:105C50000A4002600168AF4A0A400260606800289A
:105C60000DD002F0D3FA050093480068800314D4E5
:105C700002F0CCFA401B6528F6D30320FBE102F0CA
:105C8000C5FA05008C480068800306D502F0BEFA0C
:105C9000401B6528F6D30320EDE12078800776D5F8
:105CA00083480068382101400291824800688007DB
:105CB000800F01900298102802D10198022802D08A
:105CC000029800282CD17C490868400504D5E0687A
:105CD000002801D10120CEE1BA480268BA4B134036
:105CE000626912021A4302600298002810D1086803
:105CF000B64A0240206910430860B5480968C90ADD
:105D00004A07520F31009140FFF79BFDBD490860E3
:105D1000BD48006804F036FC002838D00120AAE114
:105D2000E068002821D0644F3868A8490140206904
:105D3000084338603868802149000143396002F027
:105D400065FA05003868400506D402F05FFA401B8A
:105D50000328F7D303208EE19A4801689A4A0A4043
:105D6000616909021143016011E0534F3868A74986
:105D70000140396002F04AFA05003868400506D54E
:105D800002F044FA401B0328F7D3032073E1207884
:105D9000000734D54648006838210140182908D149
:105DA000B648006880072AD5A069002827D10120BD
:105DB00061E1A069002810D0B04F386830433860E6
:105DC00002F024FA05003868800718D402F01EFAA1
:105DD000401B0328F7D303204DE1A84F3868012169
:105DE0008843386002F012FA05003868800706D54B
:105DF00002F00CFA401B0328F7D303203BE10427F1
:105E000020683840002800D18FE0002069460870E3
:105E1000274800683821014020290AD198480068A5
:105E2000800700D481E0A068002800D07DE0012038
:105E300021E18020400593490968014000290AD1E9
:105E400090490A6802430A60096808400390039871
:105E50003000694608708C480068C00514D48A4830
:105E600000688021490001438748016002F0CEF9B3
:105E7000050085480068C00506D402F0C7F9401B3C
:105E80000328F6D30320F6E0A068012804D17C485B
:105E900001680E4306601AE0A06805280ED1784814
:105EA00001680F43076001680E4306600FE000BF02
:105EB000081002400C1002400010024070480168B7
:105EC0000122914301600168042291430160A068AE
:105ED00000280ED002F09AF9050069480068800792
:105EE0001AD402F093F9401B68498842F5D3032085
:105EF000C1E002F08BF905006148006880070BD50E
:105F000002F084F9401B61498842F5D30320B2E0D6
:105F1000FFFFFEFFFFFFFBFF68460078012804D16A
:105F2000584801685A4A0A400260E069002800D1D6
:105F3000A0E05848006838210140102968D0E06985
:105F4000022847D1544F3868B3490140396002F004
:105F50005DF900908026B60438683040002807D0EC
:105F600002F054F90099401A0328F3D3032082E089
:105F7000AB480168A94A0A40216A1143626A0A4390
:105F8000A16A09021143E26A0A43216B1143626B61
:105F90000A4302603968802252040A433A60016869
:105FA000802252050A43026002F030F90500386889
:105FB000304000285ED102F029F9401B0328F6D3B7
:105FC000032058E004100240FF80FFFFFFC7FFFFDF
:105FD0000024F400304E30688F490140316002F0F7
:105FE00015F905003068800106D502F00FF9401B55
:105FF0000328F7D303203EE089480168894A0A4014
:10600000026037E03C00002038000020FFFEFFFF68
:10601000E069012801D101202DE08148006801904C
:1060200001988007800F216A884221D10198702150
:106030000140606A81421BD10198FE21C9010140E3
:10604000A06A0002814213D10198F821890301401E
:10605000E06A81420CD10198E02109050140206BE2
:10606000814205D10198400F4007616B884201D001
:10607000012000E0002005B0F0BD000060100240EB
:106080005C1002403C100240007000408913000088
:10609000FFFFFFEF0810024000100240F3B581B08F
:1060A0000400002C01D10120B5E007258D4E306899
:1060B00028400299884216D2306807218843029905
:1060C0000143316002F0A2F8009030682840029944
:1060D000884208D002F09AF80099401A8A4988420A
:1060E000F3D3032097E002202168014000290FD05C
:1060F0002178490705D585490A68E023DB01134368
:106100000B6082490A68824B1340A2681A430A60F6
:106110002178C90745D56168012905D17D48006806
:10612000800324D4012076E06168022905D17948F2
:10613000006880011BD401206DE06168002905D151
:1061400074480068400512D4012064E061680329A6
:1061500006D1714909680840002808D101205AE099
:106160006E4909680840002801D1012053E0674FBB
:1061700038680721884361680143396002F046F8B6
:1061800000903868382101406068C000814208D022
:1061900002F03CF80099401A5B498842F1D3032091
:1061A00039E0029831682940884216D230680721C8
:1061B000884302990143316002F028F8009030686A
:1061C00028400299884208D002F020F80099401A2D
:1061D0004D498842F3D303201DE02078400706D5BF
:1061E0004A4801685A4A0A40E1681143016000F0D8
:1061F0001BF85849454A1268120A1207120F042365
:106200005A43895CC906C90EC840534908605348BF
:10621000006804F0B7F9FEBDFFFFFFFE8C80C111DE
:106220000C100240FCFFFEEEFCB5382037490A682E
:106230000240002A0CD1012036490968C90A4907E1
:10624000490F8840060046483100FFF7FAFA44E05B
:106250000A680240082A01D142483EE00A6802402A
:10626000102A2BD1404F38688007800F0190386882
:1062700000094007400F401C0500019803280AD17F
:1062800038482900FFF7DDFA3968090A4906490E3E
:106290004843040009E032482900FFF7D2FA396880
:1062A000090A4906490E484304003868400F401C5B
:1062B000009020000099FFF7C4FA0EE00A6802403F
:1062C000202A02D18020000207E00968084018282F
:1062D00002D1FA20C00100E00020F6BD1E4800688F
:1062E000704700000020024010B5FFF7F7FF0400E0
:1062F000FFF762FC1D49000B04225043085CC006F6
:10630000C00EC440200010BD8913000008100240D8
:10631000FFF0FFFF00100240601002405C100240DE
:1063200030B407220260124B1C68144044601C68A1
:10633000F0252D01254085601B68E024E4011C4008
:10634000C4600C4B1B681A400A6030BC70470000E8
:10635000FF8FFFFFD4CE00083C0000203800002053
:106360000024F40000127A000C10024028D100082A
:10637000081002400020024010B50400002C01D19A
:10638000012065E04120205C002805D1002040214B
:106390006054200001F09BFD2420412160542068BE
:1063A000006801218843216808606068294901402C
:1063B000206801612848216889680140226891604D
:1063C000E168012906D1A168802212020A432168EE
:1063D0008A6005E0A168842212020A4321688A606B
:1063E000E168022907D121684968802212010A4325
:1063F00021684A6005E021684968184A0A40216816
:106400004A6021684968164A0A4321684A6021683F
:10641000C96808402168C860206961690143A069B2
:10642000000208432168C860E069216A01432068CE
:10643000016020680068012101432068016000209C
:10644000606420214122A154206342216054002035
:1064500010BD0000FFFFFFF0FF7FFFFFFFF7FFFF12
:1064600000800002FEB582B004000F004120205CD5
:10647000202800D0C5E00A98002803D06846808D07
:10648000002804D18020800060640120BAE0402010
:10649000205C012801D10220B4E001204021605499
:1064A00001F0B4FE060000961923012280210902A2
:1064B000200000F01FFA002801D00120A2E02120D6
:1064C00041216054402042216054002565640A98AF
:1064D00060626846808D6085656301960C980090C7
:1064E0006846038A68468289390089B2200000F034
:1064F00065F9002803D040202554012082E0608DFA
:10650000FF280DD9FF2020850020009080235B0408
:10651000228DD2B2390089B2200000F02EFB0CE0AF
:10652000608D20850020009080239B04228DD2B2B4
:10653000390089B2200000F020FB32000C992000C5
:1065400000F019FA002801D001205BE0606A0078B1
:1065500021688862606A401C60629548618D0918F4
:106560006185218D08182085608D00282BD0208D15
:10657000002828D100960C9B00228021200000F0EA
:10658000B9F9002801D001203CE0608DFF280DD929
:10659000FF2020850020009080235B04228DD2B252
:1065A000390089B2200000F0E8FA0CE0608D208507
:1065B0000020009080239B04228DD2B2390089B242
:1065C000200000F0DAFA608D0028B6D132000C9974
:1065D000200000F003FA002801D0012012E0202062
:1065E0002168C86121684968724A0A4021684A6086
:1065F000412160542800422160544020255400204D
:1066000000E0022005B0F0BDFEB582B004000F002E
:106610004120205C202800D0C7E00A98002803D041
:106620006846808D002804D18020800060640120AD
:10663000BCE04020205C012801D10220B6E001200E
:106640004021605401F0E2FD06000096192301226A
:1066500080210902200000F04DF9002801D001201E
:10666000A4E02220412160544020422160540025B2
:1066700065640A9860626846808D608565630196EE
:106680000C9800906846038A68468289390089B26E
:10669000200000F0D6F8002803D040202554012027
:1066A00084E0608DFF280DD9FF20208542480090AE
:1066B00080235B04228DD2B2390089B2200000F021
:1066C0005CFA0CE0608D20853B48009080239B04A1
:1066D000228DD2B2390089B2200000F04EFA009625
:1066E0000C9B00220421200000F004F9002801D0B6
:1066F00001205BE02068406A616A0870606A401CA3
:1067000060622B48218D09182185618D08186085EC
:10671000608D00282BD0208D002828D100960C9B5E
:1067200000228021200000F0E5F8002801D001209F
:106730003CE0608DFF280DD9FF20208500200090CF
:1067400080235B04228DD2B2390089B2200000F090
:1067500014FA0CE0608D20850020009080239B04BB
:10676000228DD2B2390089B2200000F006FA608D85
:106770000028B4D132000C99200000F02FF9002835
:1067800001D0012012E020202168C86121684968F9
:10679000084A0A4021684A60412160542800422189
:1067A000605440202554002000E0022005B0F0BDD8
:1067B000FFFF000000E800FE00240080FBB504009D
:1067C0001700089E099D4048009080235B0468469E
:1067D0000289D2B268468188200000F0CEF92A00F2
:1067E0003100200000F0C7F8002801D0012027E088
:1067F00068460089012804D13800C0B22168886247
:1068000012E0380080B2000AC0B2216888622A0013
:106810003100200000F0AFF8002801D001200FE087
:106820003800C0B2216888620095330000228021C0
:10683000200000F05FF8002801D0012000E00020D7
:10684000FEBDFBB504001700089E099D1E48009080
:10685000002368460289D2B268468188200000F091
:106860008CF92A003100200000F085F8002801D0C2
:10687000012027E068460089012804D13800C0B211
:106880002168886212E0380080B2000AC0B2216834
:1068900088622A003100200000F06DF8002801D045
:1068A00001200FE03800C0B22168886200953300F3
:1068B00000224021200000F01DF8002801D0012016
:1068C00000E00020FEBD00000020008000B501684F
:1068D0008969890702D50021026891620121026855
:1068E00092690A40002A04D1026892691143026841
:1068F000916100BDF4B504000D001F00069E2068E4
:1069000080692840A84201D1012000E000206946AA
:10691000097888422DD132003900200000F08CF82F
:10692000002801D0012025E00020C0438742E6D0A6
:1069300001F06CFC801B874201D3002FDFD120685F
:1069400080692840A84201D1012000E0002069466A
:1069500009788842D3D12020616C014361644121D0
:106960006054002001004222A154402160540120C3
:1069700000E00020F2BDF8B505000E00170002246B
:10698000286880692040002826D13A00310028007C
:1069900000F052F8002801D001201EE00020C04382
:1069A0008642ECD001F032FCC01B864201D3002E9F
:1069B000E5D1286880690440002CE0D12020696C72
:1069C0000143696441216854002001004222A95416
:1069D00040216854012000E00020F2BDF8B5050018
:1069E0000E0017002024286880692040002821D14B
:1069F0003A003100280000F01FF8002801D00120E3
:106A000019E001F003FCC01B864201D3002EE9D13E
:106A10002868806920400028E4D1686C20436864BD
:106A200041202C54002001004222A95440216854E6
:106A3000012000E00020F2BDF7B584B0040000277B
:106A40002068806903900025069801901020039922
:106A50000140002953D02168C86120262068806940
:106A60003040002840D13800C0B200283CD1059801
:106A70000021C9438842F0D001F0C8FB0199401AB7
:106A80000599814202D305980028E6D18020C001F3
:106A900021684968014002914221615C6A46117097
:106AA0002168896909040ED5029981420BD0694693
:106AB0000978202907D0216849680843216848607F
:106AC00001F0A4FB01902068806930400028C4D107
:106AD00001F09CFB0199401A1A28F4D328003500D4
:106AE000054301200700B8E73800C0B2002801D1F3
:106AF0002068C6612800042505430120070020689E
:106B0000866980204000064204D001210D4322689E
:106B1000D0610F008020C000064206D02900082561
:106B20000D432168C86101200700802080000642D3
:106B300006D0290002250D432168C8610120070005
:106B40003800C0B2002814D02000FFF7BFFE206834
:106B500040681749014020684160606C28436064C8
:106B6000202041216054002001004222A1544021F4
:106B700060543800C0B207B0F0BDF0B4049C0D0002
:106B8000ADB2AD05AD0D1600F6B236042E431E4370
:106B9000264375006D0806687768BC46670D054E8C
:106BA0003E436746B7432F4306687760F0BC7047A3
:106BB00000E800FEFF63FF0310B502004120105CF7
:106BC00020282AD14020105C012801D1022025E094
:106BD0000120030040241355242341241355136836
:106BE0001B680124A3431468236013681B68244CAA
:106BF0001C4013681C6013681B680B4314682360F7
:106C000013681B6818431368186020204123D05470
:106C100000204023D054002000E0022010BD10B519
:106C200002004120105C202827D14020105C012860
:106C300001D1022022E0012420004023D05424204E
:106C40004123D054106800680123984313681860EA
:106C5000106803680B4818400B0203431068036078
:106C60001068006804431068046020204124105517
:106C7000002040241055002000E0022010BD00003C
:106C8000FFEFFFFFFFF0FFFF70B502003C20105C3C
:106C9000012801D1022034E001253C2015540220B6
:106CA0003D23D0541068406813689C68154E1368E3
:106CB000B34203D1144B03404868184370239843F0
:106CC0000B680343106843601068B0420CD0106832
:106CD0008026F605B04207D010680C4EB04203D0B3
:106CE00010680B4EB04206D18020844320008C688F
:106CF0000443106884603D20155400203C25505505
:106D0000002070BD002C0140FFFF0FFF0004004079
:106D10000040014010B501008420085C012801D129
:106D2000022019E0012084228854242088228850DF
:106D3000086800680A68126801239A430B681A60A1
:106D4000314A0240002048660B681A6020238824DC
:106D50000B518423C854002010BD70B505000C00F1
:106D60008420285C012801D1022020E00120842118
:106D700068542420882168502868066828680068BC
:106D8000012188432968086028688068C000C0081D
:106D9000204329688860280000F03AF828680660D7
:106DA000202088216850002084216854002070BD74
:106DB00070B505000C008420285C012801D1022058
:106DC00020E001208421685424208821685028680C
:106DD00006682868006801218843296808602868D7
:106DE00080680A490140214328688160280000F03A
:106DF0000FF8286806602020882168500020842130
:106E00006854002070BD0000FFFFFFDFFFFFFFF1AF
:106E1000F8B50400606E002805D101206A21605297
:106E2000682160522CE0082001006A469170694692
:106E3000487020688068400E4007400F694608701F
:106E400020688068400F05000E4E0F4F684640785E
:106E50002900C9B2795C48432900C9B2715CFEF7C8
:106E6000EDFC6A2160526846807869460978795C51
:106E7000484369460978715CFEF7E0FC682160527E
:106E8000F1BD0000B8D50008B0D5000800B501007C
:106E900049B2002905D40121C206D20E9140384AD8
:106EA000116000BD00B5010049B2002909D40121DB
:106EB000C206D20E9140334A1160BFF34F8FBFF329
:106EC0006F8F00BDF0B5020052B2002A1CD403221D
:106ED0002D4B040064B2A40804256C431C59FF2503
:106EE0001600064008277E43B540AC438D01EDB245
:106EF00002400826724395402543020052B2920890
:106F0000042462439D5022E00F24204B03220500FD
:106F10006DB22540083DAE0804256E4305006DB2F4
:106F20002C40083CA40804256C431F59FF24A446A8
:106F300015000540082465436446AC40A7438C0116
:106F4000E4B2024008256A4394403C439C51F0BDA2
:106F500070B505000C0016002100280040B2FFF7B4
:106F6000B1FF70BD10B50400200040B2FFF78EFFE6
:106F700010BD10B50400200040B2FFF793FF10BD14
:106F800000E100E080E100E000E400E01CED00E052
:106F90001D490A6802430A6070471C490A68024397
:106FA0000A60704718490A6882430A6070471749A7
:106FB0000A6882430A60704715490A6802430A60FA
:106FC000704714490A6802430A60704710490A680A
:106FD00082430A6070470F490A6882430A6070471B
:106FE0000D490A6802430A6070470B490A688243E8
:106FF0000A60704709490A6802430A6070470749F6
:107000000A6882430A607047801802409018024064
:1070100084180240941802400018024004180240EC
:1070200038B504000025207A002866D020680028A2
:1070300040D0607A002803D002280FD007D314E094
:107040002068FFF7C3FF2068FFF7A2FF0FE020686A
:10705000FFF7A8FF2068FFF7AFFF08E02068FFF701
:1070600097FF2068FFF7A8FF01E001200500A07A44
:1070700000281FD0A07A012804D018D303280FD0ED
:1070800007D314E02068FFF7BAFF2068FFF7A8FFD6
:1070900010E02068FFF7A9FF2068FFF7ABFF09E0C9
:1070A0002068FFF79DFF2068FFF7A4FF02E028009B
:1070B00002250543606800282BD0607A002803D0A1
:1070C00002280FD007D314E06068FFF784FF6068E0
:1070D000FFF763FF1DE06068FFF769FF6068FFF777
:1070E00070FF16E06068FFF758FF6068FFF769FF00
:1070F0000FE02800042505430BE02068FFF752FF4E
:107100002068FFF763FF6068FFF751FF6068FFF7D3
:1071100062FF280032BDFEE730B403680C004C4328
:1071200003256C43A3430C004C4354431C430460AD
:1071300030BC704710B443688B430C0054431C436D
:10714000446010BC704730B483680C004C43032586
:107150006C43A3430C004C4354431C43846030BC39
:10716000704730B4C3680C004C4303256C43A34301
:107170000C004C4354431C43C46030BC704730B4D3
:10718000036A0C004C434C434C430F256C43A34310
:107190000C004C434C434C4354431C43046230BCEE
:1071A000704730B4436A0C0A0D0A6C430D0A6C43F5
:1071B0000D0A6C430F256C43A3430C0A0D0A6C4364
:1071C0000D0A6C430D0A6C4354431C43446230BCAB
:1071D0007047F8B506000C0000252068E84000283C
:1071E00032D020680121A94001400F00002F29D092
:1071F0006068012802D06068022809D1A2683900BD
:107200003000FFF7A0FFE26839003000FFF792FF7F
:10721000226939003000FFF7A4FF606802280CD112
:10722000FF2F05D8626939003000FFF7A8FF04E09E
:10723000626939003000FFF7B4FF6268390030003E
:10724000FFF76AFF6D1CC8E70020F2BD10B50024EF
:10725000FDF76CFA002801D0012004002000C0B224
:1072600010BD70B50026A025ED0580242402012262
:1072700021002800FDF789FF0A20FEF75BFC0022B1
:1072800021002800FDF781FFFA204000FEF752FCA4
:10729000012221002800FDF778FFFA208000FEF788
:1072A00049FCFDF750FA002801D00120060030000B
:1072B000C0B270BD80B500F0A9FF02BDFEB5BC48EC
:1072C000007801280AD10324BAA5BB4E2200290068
:1072D0003000FCF7D9FDB948B9490860B4480078D6
:1072E00000280AD10324B7A5B34E2200290030009C
:1072F000FCF7CAFDB448B2490860B448B049086018
:107300000324B3A5AC4E220029003000FCF7BCFDDD
:107310000220A7490870AF4E002300223100AE487A
:107320000068FDF73FFD00230022AC49AC4800682F
:10733000FDF738FD00230022AA49AB480068FDF79D
:1073400031FDAA4CAA4F0023002239002068FDF726
:1073500029FD3878012810D1A648007812280CD1D0
:107360000020387078787074B878B0742068FDF7B1
:1073700063FDFA208000C8490860FAF729FB00285D
:107380000AD0FAF728FB0B209A4908700120C3495C
:1073900008700220C2490870964C2078002828D036
:1073A000012840D0082800D1E2E10A2800D1EDE10F
:1073B0000B284CD00C2800D1CBE00D2800D1B7E130
:1073C0000E2800D139E10F2800D198E1102800D112
:1073D00012E1112800D1B4E1122800D1D9E015281A
:1073E0005DD016286CD0172878D0242800D1A7E1CA
:1073F000D6E1012001002170A8490870C848016841
:10740000491C01600220A6490870C6480A212622AC
:1074100081542621405CF87000200100C24A11808E
:10742000C2490880BEE1FFF71CFF69460870684644
:107430000078002808D10B202070002096490860B1
:10744000FFF738FF029001E008202070AAE1CD4844
:107450000378594A5A480168CB48FDF791FA6946C2
:10746000087068460078002816D151480178012933
:1074700001D1122121700178002904D10C21217041
:107480000121874A11700078022801D1152020704F
:1074900000208149086001E00820207082E148480E
:1074A0000168B948FDF790FA6946087068460078A7
:1074B000002802D11620207001E00820207071E120
:1074C000FDF799FA6946087068460078002802D1ED
:1074D0001720207001E00820207063E1B5480168A2
:1074E000491C0160B44928220A708E4D32682A6016
:1074F0007268521C6A60B268AA60F268EA60727CC4
:107500006A74B27CAA74354A13686B615368AB61C4
:107510009368EB61D2682A620068A884F878262212
:10752000A8540A782900A548FDF758FA694608705A
:1075300068460078002809D1122020702620285C97
:10754000FA21890048435449086001E0082020706E
:1075500028E18C4802781A4801688B48FDF71FFA29
:107560006946087068460078002805D10E20207012
:1075700002204B4908700BE049480178002903D0EC
:107580000178491E017003E0082121700221017079
:1075900008E14248002101703F490968002906D1ED
:1075A000172121700121017002203D490870F9E086
:1075B000C96B002055445000B86A0020390500000E
:1075C000B06A0020544350003C0500005B070000F7
:1075D0004D5154005C690020EC6A00204C6A002088
:1075E000F06A0020C76B0020F86A0020006B0020C2
:1075F000AC6A00205B69002062480078FCF7FCFF61
:107600006946087068460078002809D1FA20800091
:1076100021490860122020700220214908700BE0E7
:107620001F480178002903D00178491E017003E04A
:107630000821217002210170B4E05E490868401CF5
:1076400008605D4828220270364D32682A607268F0
:10765000521C6A60B268AA60F268EA60727C6A745E
:10766000B27CAA74564A13686B615368AB61936825
:10767000EB61D2682A620968A984F9782622A954A4
:10768000504E317801290DD101782800FDF7B9F964
:10769000694608700CE000BFA86A0020C66B002095
:1076A000C800002001782800FDF7B7F96946087086
:1076B000FFF700FE019068460078002812D130786C
:1076C000012802D11220207001E012202070022037
:1076D0003D4908702620285CFA21890048433B492F
:1076E00008600BE038480178002903D00178491E72
:1076F000017003E0082121700221017052E0344D35
:107700002878002806D1FFF7D5FD0199401A3149A4
:10771000884203D3002028701220207042E000BF6E
:10772000BC6A0020B8680020BC6B0020BE6B002043
:107730000020FDF73FF9694608700E20207031E007
:1077400030E0FFF7B7FD0199401A234988420ED374
:107750000C480078FDF76DF96946087068460078B6
:10776000002802D10B20207001E00820207019E0D1
:1077700000201A4908700A202070FFF79BFD019035
:1077800010E000BFC46B002000000020FFF792FD56
:107790000199401A1049884201D30020207001E06D
:1077A00000202070002300220C490D480068FDF7DE
:1077B000B2FAB0E5B46A0020C56B002024000020B6
:1077C0004C6A0020C96B0020C8000020A86A002075
:1077D000C86B002031750000E9030000C66B002073
:1077E000FC6A002001000022C878030688780004A3
:1077F00018434B781B02034308781843704780B541
:10780000924803F059F901BDF8B5914E914C00230F
:10781000002221003068FDF7C5FA8F4D2878002836
:1078200010D002286FD02AD3042859D044D3062878
:1078300000D1A4E000D286E0082800D1F4E000D214
:10784000E1E0F2E00126300060703000287000F0C6
:10785000DDFC82490860824882490160FA2141606A
:1078600081498160FA21C900C16046740F21A1706D
:10787000A17881740A21E170E178C174D7E0002316
:107880000022210079480068FDF745FA0021080030
:10789000207073480200113263781370A3788374E8
:1078A000E378C374807C002800D111703068FDF744
:1078B000C3FA03202870BAE00220694608806C4CA5
:1078C0006748417C2170807C607002F050FF684600
:1078D00002882100042002F0D4FE04202870A6E0D3
:1078E00000F094FC5D490968401A6249884209D356
:1078F00061480168491C016060480168491C0160D9
:107900000720287093E05E4E002030702078002819
:1079100001D0012028705B4C0023002221005A482E
:107920000068FDF73FFA00F071FC4C490968401A05
:107930005049884206D32078002803D105202870BA
:107940000120307073E0012069460880484C0F2008
:10795000207000206070002210214C48FDF715FCBB
:1079600002F005FF684602882100022002F089FE2D
:107970000620287000F04AFC3849086057E0444F60
:10798000387803282CD16420FEF7D4F80122102186
:107990003E48FDF7FAFB022028703E4EF81CFFF728
:1079A00021FF30602E4C30682060F81DFFF71AFF71
:1079B00030603068606038000B30FFF713FF3060D4
:1079C0003068A06038000F30FFF70CFF306030687F
:1079D000E06042240026320021003800FAF7CEF899
:1079E00000F014FC1D490968401A2249884209D355
:1079F00029480168491C016020480168491C016050
:107A00000720287013E000201D49087000F0FEFBDD
:107A1000124C2168401A1749884204D3022028706A
:107A200000F0F4FB206002E001E000202870002359
:107A30000022134919480068FDF76DF90023002260
:107A4000074917480068FDF766F9F1BD8469002011
:107A5000F46A00200C6B0020CC6B0020106B00201F
:107A600070690020B80B000073610300006B0020F8
:107A7000186B0020D10700001C6B0020146B002045
:107A8000CD6B0020CE6B0020FC6A0020000400506B
:107A900044670020246B0020206B0020F86A00203F
:107AA000EC6A002000B5010049B2002905D401218B
:107AB000C206D20E9140CE4A116000BDFEB507004D
:107AC0000E0015001C00802040010290200080B2B2
:107AD0000190009501233200D2B292B231213800D8
:107AE000FEF7C0FC0020FEBDFEB507000E0015002D
:107AF0001C00802040010290200080B2019000957F
:107B000001233200D2B292B231213800FEF77CFD5F
:107B10000020FEBD80B56946834803F01AFA684626
:107B20000178C9B2C909C9B2002902D001217F4A2E
:107B30001170012140780A000240D2B2002A01D01F
:107B4000B548017001BDF8B504000D0000270026FE
:107B500030002900C0B2C9B288420AD23000C0B297
:107B6000042148432058390003F009FE0700761C21
:107B7000EEE7EDB2280003F093FE0100380003F0B9
:107B8000AAFEF2BDF8B5684EA4487060A448306003
:107B9000A448B060A448F0600A20FDF7CBFF300095
:107BA00003F0BBF9A14C2100300002F0D9FF20788E
:107BB000472800D0FEE70221300002F0DBFF9C4D99
:107BC0002900300003F0B4F8012428782100014096
:107BD000C9B20029F3D10021300002F0CBFF022509
:107BE0002800944908709349300003F045FC9248FE
:107BF00003210170811C8278F02313402A001A436C
:107C00000A7082781207120F802313430B70C02171
:107C1000C2780A4004231343C37082790A400823C0
:107C200013438371854A037AF0271F401770037A44
:107C30001B071B0FA0271F431770E0224378134038
:107C400004271F4347700379194003230B43037133
:107C5000C1790A40C271411D4279F02313402A00C4
:107C60001A430A7002000932437A27001F43177033
:107C7000437A2F001F431770437AFB271F4017706A
:107C80004279102313430B700EC80C38300003F0F8
:107C90004BFC6B4908782A0002430A70487822009E
:107CA00002434A70300003F0E9FA62480470614907
:107CB000300003F0E1FB634F7D701620387039000F
:107CC000300003F070F8604C22003900300003F0FF
:107CD00038FA5E4D2900300003F0B4FA5C4E20689B
:107CE000306060687060A068B0602868594903F02F
:107CF00046FDF060002004002100C9B20B2908DA1B
:107D0000F168554A2300DBB204256B43D150641C53
:107D1000F2E752490870012203210720FFF718F902
:107D20000720FFF7BFFEF1BD5C6A0020D86B002082
:107D3000F8B54B4C21004B4803F00BF9424E320092
:107D40004049484803F0FDF9404F3900454803F0E9
:107D500079FA3F4D3068286070686860B068A86044
:107D60002100404803F0F5F80C3538682860FFF72B
:107D7000D1FE2078C0B2C009C0B200280AD0207855
:107D80004006400E20700120374902004A700870FA
:107D90000F2088700120617802000A40D2B2002AC8
:107DA00009D06178FE220A4062702F490022130038
:107DB0004B7008708A70294927483A680B78042468
:107DC0006343C2500A78521C0A700A780A2A01DBFF
:107DD00000220A700A21FFF7B6FE01001D4803F0D9
:107DE000CEFC286008212148FDF7DCF9F1BD000038
:107DF00000E100E080B51E48017800290AD000218A
:107E00000170FFF795FF002300221149194800680F
:107E1000FCF781FF01BD0000D96B0020E97A000862
:107E2000BD7A0008355B000870650020D76B002024
:107E3000D66B0020C26B00207C6A0020846A002080
:107E4000C06B00205C6B0020AC690020A06A0020A1
:107E50006C6A0020000040C0E0680020D56B002064
:107E6000606B00205C6A0020586B0020000400500A
:107E7000D46B0020F06A002003480168034A12789E
:107E800089180160704700BF646B0020C9000020A2
:107E900080B5012084490A6802430A6009680840E5
:107EA00000900098802040059C490A6802430A60BF
:107EB0000968084000900098002203210120C04377
:107EC000FFF746F880208000FDF727FE01BD10B5C2
:107ED00086B004001421002201A8F9F74FFE2068A3
:107EE0008F49884221D101208E490A6802430A60E5
:107EF0000968084000900098C020400101901220BD
:107F000002900020039004900620059001A9A02073
:107F1000C005FCF7A7FF8020C00380490A68024320
:107F20000A60096808400090009806B010BD78B556
:107F300093B00400142100226846F9F71FFE342193
:107F4000002206A8F9F71AFE20687749884228D14E
:107F5000012006900025079506A802F0D9F900280F
:107F600001D0FAF7EDFC8020C0014F490A680243B6
:107F70000A600968084005900598022069490A6866
:107F800002430A600968014005910599C0210091EA
:107F9000019002950395049569466448FCF762FFD9
:107FA0007FE020686249884237D102260696002584
:107FB000089506A802F0ACF9002801D0FAF7C0FC39
:107FC00080218902554802680A4302600068014026
:107FD000059105985348012102680A430260006830
:107FE0000840059005980C20009001960295039199
:107FF00004916946A020C005FCF734FF002202214D
:108000001C20FEF7A5FF1C20FEF7ACFF20680068CF
:10801000202101432068016043E0206845498842EF
:108020003FD1802109033D4802680A43026000688D
:108030000140059105983B48012102680A4302600E
:1080400000680140059105980320009002200190EE
:10805000002502950395042004906946A020C005E0
:10806000FCF700FF344E3548306039207060102036
:10807000B060F560802030617561B561F561356291
:108080003000FDF7ADF8002801D0FAF759FCE6679B
:10809000B462002203211D20FEF75AFF1D20FEF7C7
:1080A00061FF14B070BD00004010024010B5040024
:1080B00020681D49884209D121480168214A0A40A7
:1080C0000260C0211948FCF7C2FF25E0206818496A
:1080D00088420DD1114801681B4A0A4002600C21F8
:1080E000A020C005FCF7B3FF1C20FEF742FF13E001
:1080F0002068104988420FD108480168134A0A4095
:1081000002600321A020C005FCF7A1FFE06FFDF78E
:10811000BFF81D20FEF72DFF10BD00003C100240EF
:108120000058004034100240003801400004005064
:1081300000440040004C0040B8640020440002406D
:1081400040100240FFBFFFFFFFFFFDFFFFFFF7FFF3
:1081500070477047704770477047FEE730B443433D
:1081600051435D18010C0C00130C5C432D1980B2B7
:10817000434392B251430024C918644124040B04C0
:10818000090C09195043C018694130BC70471242AC
:108190002DD0994231D970B500251B4209D00C0071
:1081A000002112E01100FDF74CFB0A000021002322
:1081B00070BD0942F6D0002401264918644194425A
:1081C00000D3A41A7641F8D33100012601E07641AC
:1081D00009D2001864416D41A41A9D41F7D2A41838
:1081E0005D41B619F5D3300022002B0070BD1B4253
:1081F000CFD108B503F0C2FB08BD01D19042CAD26D
:1082000002000B00002100207047FEE701480068D3
:10821000704700BF646B00207047FEE7C9B2027868
:108220008A4203D0401C002AF9D100207047FEE7A3
:108230000100202008437047FDB5B2B03A98049180
:1082400002A93B22885400200D9027A8401C3190A1
:108250000DE00498329A90470490002801D100F074
:10826000D3FE0D98401C0D903398401C33903398EA
:10827000017800290FD02529EBD100200790089024
:1082800009900A900B900C9002250121149108216D
:108290001291339C05E00D9800F0B8FE010014988F
:1082A0000843641C21782029F8D023290BD02B29DE
:1082B00004D02D2904D0302908D00AE02843F0E763
:1082C00001000420ECE701000820E9E7010010208C
:1082D000E6E72A290FD134990A681168121D349BE8
:1082E0001A600F91002904D54A420F920100042020
:1082F0000843641C12E000210F91644B09E00F99C0
:10830000994205DA8E0071184900891830390F91A9
:10831000641C2278110030390A29F0D321782E29E3
:1083200003D00021C9430E9126E0641C21782A293C
:1083300008D134990A681168121D349B1A600E9195
:10834000641C19E02D2901D1641C00E000210022E9
:108350000E920CE0002909D10E9A4C4EB24205DA79
:108360009600B2185200D218303A0E92641C23784C
:108370001A00303A0A2AEDD302A90887267831007C
:1083800040487844FF30401EFFF748FF002801D0E6
:10839000641C00E0002602A83A214654682E04D14D
:1083A000207868280BD1622005E06C2E07D1207858
:1083B0006C2804D1712002A93A228854641C18A8A0
:1083C0000690207869460870601C339068460478EF
:1083D0002000253833D01C3800D1CDE1001F022801
:1083E00000D8C9E1133801D100F036FD093800D1B9
:1083F000C2E1801E01D100F0CCFD401E01D100F091
:1084000079FD401E022800D8B6E1001F01D100F01E
:1084100071FD401F00D109E1401E01D100F01CFD9B
:10842000401E00D1F1E0C01E0ED0801E01D100F030
:1084300013FDC01E01D100F00FFD00F0B6FD149831
:108440000790252000F0ADFD349800680468001DF9
:10845000349908600594002C00D0C2E002A83B21AA
:10846000405C002800D1B6E00024E443064878448C
:10847000163003F085FA201A01D000F0C5FD00F097
:10848000A2FD00BFF448000028490000CBCCCC0C72
:1084900001236A4602A9280000F072FE002801D0DC
:1084A00000F0B2FD641EF3D13295079D18AC002D8B
:1084B0000FD0329E21780498B0470490002801D153
:1084C00000F0A2FD0D98401C0D90641C6D1EF1D1B2
:1084D00032963020694608700A9C002C0DDD329DD2
:1084E00001236A4602A9280000F04AFE002801D0B4
:1084F00000F08AFD641EF3D13295059C089D002D85
:108500000FD0329E21780498B0470490002801D102
:1085100000F07AFD0D98401C0D90641C6D1EF1D189
:108520003296302769460F700B9C002C0DDD329D72
:1085300001236A4602A9280000F022FE002801D08B
:1085400000F062FD641EF3D1329505980899441835
:10855000099D002D0FD0329E21780498B0470490D9
:10856000002801D100F050FD0D98401C0D90641CB6
:108570006D1EF1D13296684607700C9C002C0DDD03
:10858000329D01236A4602A9280000F0F9FD002867
:1085900001D000F039FD641EF3D1329502A83821D4
:1085A000405C400700D462E62020694608700198CC
:1085B000002800DC5BE6019C329D01236A4602A98B
:1085C000280000F0DDFD002801D000F01DFD641E34
:1085D000F3D132954BE61B4878446830059000F0A3
:1085E000F2FC0E9D002D03D52000FBF70BFC09E0EB
:1085F0002A000021200001F07DFE002801D0001B90
:1086000000E02800089000F0DEFC34980068026862
:10861000001D349908600020C0430021104002AAC8
:1086200003C218A80590782100F0AFFC02A83B21F6
:10863000415C002908D00024E4434B487844FF30D3
:10864000293016E7884700003A21405C62286AD04A
:10865000682819D06A2845D06C2806D071284FD0D8
:10866000742831D07A2821D06FE0349801680868E6
:10867000091D349A116000287AD10024E4433B4854
:108680007844FF301738F4E6349801680868091D0B
:10869000349A1160002805D10024E443334878441B
:1086A000CA30E6E60D99018000F08DFC349801682F
:1086B0000868091D349A1160002859D10024E44348
:1086C0002A487844A630D4E6349801680868091D21
:1086D000349A116000284BD10024E44323487844A5
:1086E0008A30C6E6349800680268001D3499086034
:1086F000002A13D10024E4431C4878446E30B8E6C5
:10870000349800680268001D34990860002A05D179
:108710000024E443154878445230AAE60D98C11766
:1087200003C200F050FC349801680868091D349AAF
:108730001160002805D10024E4430C4878442C3013
:1087400097E60D99017000F03EFC349801680868C6
:10875000091D349A116000280AD10024E44303481B
:108760007844083085E600BF184600002C4600001B
:108770000D99016000F027FC34980068C21D0720A5
:1087800082433498026003CA349B1A6002AA03C26F
:108790002022C80F04D007982D2118AA11540DE0EB
:1087A00002A8008F284204D007982B2118AA115440
:1087B00004E0C00704D5079818A90A54401C079084
:1087C00018A8079940181390059027AD02A803C870
:1087D00016AA03C26846007820210143684641700A
:1087E000612909D00E98002801D5062003E003D1A5
:1087F000672901D114980E9002A803C80F0006182B
:108800007F417E15FF17BBA20CCA9F4212D1964230
:1088100010D10903020D11430003002901D10028E2
:1088200008D003200890613C1A2C19D324497944BC
:108830008E3110E002A803C8080041004915994292
:1088400012D1000310D103200890613C1A2C21D3CF
:108850001C4979446E3103221398FBF715FBB2E3F0
:10886000194979446231F6E701AA02A803C803F066
:10887000ABF802AA03C268464078612813D1059874
:1088800030210170811C059169460978612905D163
:10889000782104E00D4979443231DCE758214170F8
:1088A0000798801C079002A803C894A20CCA024033
:1088B0000B400DD1002A0BD10024002669E100BF36
:1088C0001445000018450000084500000C45000054
:1088D00068464078612800D097E00E98002801D5BE
:1088E000212000E0401C1390139F7F1C16A803C892
:1088F0000022002303F07DF802A830C802D28020B5
:10890000000645400198001F01909C2169440A70AF
:1089100027A8461C002F31DD2000290000228023DB
:108920005B0303F07FF829D81C2203F094F80400BD
:108930000D0003F0C9F81590FF1F002F09DD03F0AB
:10894000FDF802000B002000290003F05EF904008E
:108950000D00F01D0722159900290ADD521E08D4CA
:10896000401E0B071B0F03700911F5E7401E002185
:108970000170521EFAD5C61D002FCDDC27A83199F3
:10898000711A27AA551C139A0C00914200DD14009D
:10899000002C33D48C4205DA411C095D082901DB27
:1089A0000F2100E00021220027AB9B1801E0641E8C
:1089B0005B1E521E1E788E42F9D00F2904D1411C35
:1089C000895C491C401C8154002A04D527AD641CD5
:1089D0000198001D0190611E10D46A186846007845
:1089E00013783033DEB23A2E01DBC318C63313706E
:1089F000491E521E0029F3D5694608700E980028BA
:108A000000D4C5E0601E0E90C2E016A830C86D000C
:108A10006D0801986C4948436C49FCF70FFF0190C1
:108A200007200199401A002805DD020020002900D6
:108A300000F080FB0AE042420020664900F07AFB29
:108A400002000B002000290003F056F96A46527814
:108A5000662A02D1019A0A3200E006220E9B9A1879
:108A6000142A00DD142227AB30241C705C1C02E0A9
:108A700016A803C8139A002A44DD16AB03C3139249
:108A800016A803C803F032F81590054608340426EA
:108A900028000A21FCF7D5FE0F0028000A21FCF768
:108AA000D0FE05003037601E077028000A21FCF751
:108AB000C8FE0F0028000A21FCF7C3FE0500A41E13
:108AC00030372770761EE3D1083413980838139096
:108AD0000028CDDD159803F021F802000B0016A840
:108AE00003C803F092F800223B4B03F066F916AA84
:108AF00003C2C5E7FFFFFFFFFFFFFFFFFFFFFFFF11
:108B0000FFFFFF7F3198201A27A94D1C04E0401E6B
:108B10000199491E01916D1C29783029F7D0202137
:108B20006A46127811436A46517069464978662947
:108B300002D10199491C06E069464978652901D1AD
:108B4000149900E000210E9A5418A04200DA441E45
:108B5000002C1DD4844204DA285D342801DD39203C
:108B600000E0302021006A1E531801E0641E5B1EE5
:108B7000491E1E788642F9D0392802D1685C401C13
:108B80006854002904D51500641C0198401C01900C
:108B9000019E1395684600786946887003F0E8F9ED
:108BA000406A0078694608700E9D20B2002804DCF7
:108BB000149C07487844183013906846407866281B
:108BC0000CD1761C24E000BF97750000A086010040
:108BD000104200000000F03F84D79741684640787B
:108BE000672846D130B20321C943884247DBA842F7
:108BF00045DA761C02A8008F1299C0B2084203D150
:108C000020B2A84200DC050030B22D1A00D50025A4
:108C100037B2002F00DDBAE00898411C08913021DE
:108C2000059A1154002D05DC02A8008F1299C0B2DC
:108C3000084206D00898411C089169460978059AAF
:108C400011547842854200DA6E4236B270420B907F
:108C5000AD1920B2854200DA2C0024B2099422001A
:108C600013990598089BC018FBF70EF9281B0C9068
:108C7000DAE068468078612818D170201BE020B2C5
:108C8000A84206DA02A9098F129AC9B2114200D18C
:108C900005006D1E00D5002568468078672802D142
:108CA0006520694607E04520694604E0684680780B
:108CB000412801D1502088700898411C08911399CF
:108CC0000978059A11541398411C002D05DC02A85F
:108CD000008F129AC0B2104219D00898421C089214
:108CE0006A461278059B1A54002D10DD641E20B2CE
:108CF000854200DA2C0022B20598089BC018FBF7C9
:108D0000C3F824B2089800190890281B0B90059806
:108D10000899411868468078087030B2002803D45A
:108D20002B2048708F1C03E02D224A708F1C464276
:108D3000002412AD300008E00A21FCF77FFD15AADF
:108D400003C229701598641C6D1C00B20028F3DC66
:108D5000012C08DC6846807820210143652902D176
:108D6000302038707F1C002C09D1302038707F1CD7
:108D700007E0641E12A8005D303038707F1C002CA4
:108D8000F7DC059808994018381A09904CE020B291
:108D900031B288421DDA22B213990598089BC01897
:108DA000FBF772F824B2089800190890391B0B9150
:108DB000002D05DC02A9098F129AC9B2114206D012
:108DC00069460978059A11540998401C09900C9538
:108DD0002AE032B213990598089BC018FBF754F8A3
:108DE0000898C0190890A41B002D05DC02A9098F62
:108DF000129AC9B2114205D0411C089169460978FE
:108E0000059A115420B2854200DA2C0022B2139840
:108E1000C1190598089BC018FBF736F824B20898CA
:108E200000190890281B0B9002A83821405C1421DF
:108E30000140102900D0C6E00798089940180B9906
:108E40004018099940180C9940180F99884200DB86
:108E5000B9E0081A0A90B6E002AA3A20105C62282B
:108E600008D068280ED06A2814D06C281DD071282C
:108E700010D01AE0349801680868091D349B196005
:108E8000C0B218E0349801680868091D349B196065
:108E900080B210E034980068C31D072083433498E3
:108EA000036003CB349C236006E0349801680868B3
:108EB000091D349B1960002102AB03C3108F129966
:108EC000C0B208425BD002A803C8002901D1002823
:108ED00055D0684600782021014378294FD1079862
:108EE00018A930220A54401C421C07926A46127884
:108EF0000A5444E002AA3A20105C622808D068288C
:108F00000ED06A2814D06C281DD0712810D01AE019
:108F1000349801680868091D349B196040B218E054
:108F2000349801680868091D349B196000B210E08C
:108F300034980068C31D072083433498036003CB33
:108F4000349C236006E0349801680868091D349B4E
:108F50001960C11702AB03C3002902DA07982D215B
:108F600009E0108F284202D007982B2103E0C007A8
:108F700005D50798202118AA1154401C079018A85D
:108F80000799401805906846017802A800F040F85B
:108F900019E014980790349801680868091D349AFC
:108FA00011606021694408700DE014980790252035
:108FB00060216944087068460078002803D007954E
:108FC0006846007848700F980799401A0A99401A25
:108FD0000899401A0B99401A0999401A0C99401A9D
:108FE000019002A83821405C400701D5FFF75DFAE7
:108FF0002020694608700198002801DCFFF755FA27
:10900000019C329DFFF744FA0020C04335B0F0BD0B
:10901000F2B586B0040025696F2901D1082707E061
:109020000846FFF705F9782801D00A2700E0102745
:109030003C2603CC083C04AA03C26A46127E642A7A
:1090400003D06A46127E692A09D1002907DA04A8EA
:1090500003C800220023121A8B4104A80CC004A8E4
:1090600003C800290DD100280BD1206B002808D19E
:10907000082F3DD13820205C000739D53B26302011
:1090800035E00294009504A830C8761E01962000B1
:1090900029003A000023FFF77AF83032D0B23A289C
:1090A0000DDA00988255200029003A000023FFF7CE
:1090B0006EF804000D0007D1002C05D10AE06846C7
:1090C000007E8218AF32ECE70298C06800998919D7
:1090D0008842DAD3029C009D082F09D13820205CF9
:1090E000000705D5A85D302802D0761E3020A8558F
:1090F0003C20801BA061A919E160216B884206DA3F
:10910000081A2062208F1C490140218710E00029A5
:109110000ED53821615C14220A40102A08D1616BF7
:109120006269891A226A891A081A002800DD2062F9
:1091300007B0F0BDF8B50026104F04000D000092F6
:1091400014E0C00707D532003B002000290002F0E0
:1091500034FE04000D0000984010009030003900EB
:1091600032003B0002F029FE06000F0000980028A4
:10917000E7D120002900F4BDEFFF000000002440EB
:10918000F8B50024002B11D007000E0014001D00BC
:109190002178B068B847B060002809D0F06A401C58
:1091A000F0620020641C6D1EF2D104002000F2BDAC
:1091B0000020C043F9E7FEE7F3B587B017001E00B3
:1091C0000F9D109C002D01D172B6FEE7002C01D13D
:1091D00072B6FEE75C20009000985C2801D072B661
:1091E000FEE70098002C1AD0002D18D004940498A3
:1091F00005630220049959228854002003900498A2
:10920000029005A801900E98009033003A0008994A
:10921000079800F03FF8049800F096F801E000206D
:109220000590059809B0F0BDF3B585B015001F0095
:10923000290089B20420484302F0A2FE0600002E55
:109240000BD05C2002F09CFE0400002C01D02663B1
:1092500004E0300002F00AFF00E00024002C15D0EA
:109260000020592160540020039002940D98019031
:109270000C9800903B002A0092B20699059800F0E5
:1092800009F8200000F060F8012001E00020C04350
:1092900007B0F0BDFFB583B00C9F0E9C059804216C
:1092A00048430290A5200190266B019A0299300054
:1092B000F8F764FC206B0599042251434018001F05
:1092C0000721884300900098400701D072B6FEE75E
:1092D0000498002811D000200500102D0AD204990E
:1092E000495D62193423D1540499495D002901D0A4
:1092F0006D1CF2E74321605402E0002034216054E9
:10930000382F01D337200700E762E764002626657F
:10931000201D02F05EFF2000183002F05AFF246189
:109320003820C01BA0616462666558202654069AE6
:109330000399009800F0B0FB20600D98002801D040
:109340000D98046007B0F0BD38B5040000F0DCFBF8
:109350002A480168491C0160294D2968002906D165
:109360002C60006801280CD100F074FA09E025484F
:109370000068002805D1E06A2968C96A884200D3DC
:109380002C6021480168491C0160006860641F4826
:109390000168E26A914201D2E16A0160211D1C4824
:1093A000E26A14235A43801802F016FF00F0B6FB5D
:1093B00014480068002806D02868C06AE16A88421C
:1093C00001D200F097FB31BD38B504000025002C18
:1093D0000ED010480068002801D072B6FEE700F0F9
:1093E00055F80021200000F017FB00F057F80500A9
:1093F000002D01D100F07EFB31BD0000786B002014
:10940000686B0020846B0020946B0020806B002030
:109410004C500020A06B002038B586B00024049486
:10942000039405AA03A904A802F012FF4E4D049864
:10943000029003980190002000900023059A4B4968
:109440004B48FFF7B9FE28602868002801D00125A5
:1094500000E02500012D02D102F006FF0500012DDC
:109460000CD172B60020C0434249086001200A496D
:1094700008604148046000F028FB05E00020C0437C
:10948000854201D172B6FEE707B030BD3B480168A6
:10949000491C016070470000846B0020F8B500256E
:1094A0002C000095354E3068002801D172B6FEE7D9
:1094B00000F02AFB3068401E30603068002845D13B
:1094C00026480068002841D025480168002922D09C
:1094D000C068C06804002000183002F0A4FE201DFF
:1094E00002F0A1FE1F480168E26A914201D2E16ADE
:1094F0000160211D7248E26A14235A43801802F069
:109500006BFEE06A6F490968C96A8842DCD30120B2
:1095100077490860D8E7002C01D000F001FA754FB8
:109520003E68002E0AD000F02BF8002802D001205F
:109530006F490860761E002EF5D13D606C480068CA
:10954000002803D00120009000F0D4FA00F0E6FAE1
:109550000098F2BD0848006870470000786B002052
:10956000E8690020806B00209C6B0020C0D50008BB
:109570003F980008986B00207C6B0020A06B0020B7
:10958000F8B5002586480068002864D1854807683A
:109590007F1C0760002F11D1644801680968002909
:1095A00001D072B6FEE7066861490A6802600E6083
:1095B0007D480168491C016000F0B2F97B4E3068BB
:1095C000874236D3594801680968002903D1002031
:1095D000C04330602DE00068C068C0680400606867
:1095E00000900098874202D20098306021E0201D50
:1095F00002F019FEA06A002803D02000183002F003
:1096000012FE6B480168E26A914201D2E16A016090
:10961000211D2B48E26A14235A43801802F0DCFD16
:10962000E06A28490968C96A8842CBD3012005004D
:10963000C8E7244801682248C96A142251434058A7
:10964000022801D30120050029480068002806D01F
:109650000120050003E027480168491C016028003B
:10966000F2BD000010B54E480068002803D001206C
:109670001F49086023E000201D4908604C49086824
:109680000F4A14234343D358002B05D1002801D19E
:1096900072B6FEE7401EF3E714234343D218536823
:1096A0005B685360536814000834A34202D15368C6
:1096B0005B6853605268D268024B1A60086010BD44
:1096C0004C500020686B002038B504000D00002CC1
:1096D00001D172B6FEE77F48006801001831200012
:1096E00002F086FD0121280000F096F931BD00004E
:1096F0008C6B0020886B002070B505000C001600F4
:10970000002D01D172B6FEE77448006801001831DF
:10971000280002F061FD002E02D00020C0430400AA
:109720003100200000F078F970BD00006C6B002063
:10973000706B002038B50400E068C568002D01D1C9
:1097400072B6FEE72800183002F06DFD144800687C
:10975000002812D1281D02F066FD15480168EA6A4A
:10976000914201D2E96A0160291D5B48EA6A14232B
:109770005A43801802F030FD04E02900183158489F
:1097800002F02AFD53480068C06AE96A884204D2A0
:10979000012108000B4A116000E0002032BD0000EA
:1097A000A06B00207C6B0020906B0020986B002049
:1097B000806B00204B49096801606349096841607A
:1097C000704700008C6B0020F8B504000F00002CDF
:1097D00001D172B6FEE7002F01D172B6FEE700F0AC
:1097E00093F9594806686068301A0090386800217B
:1097F000C943884201D1002519E03A480068216830
:10980000884204D06068864201D301250FE00098A9
:109810003968884208D238680099401A38602000B8
:10982000FFF7C8FF002502E000203860012500F0A6
:1098300075F92800F2BD01204C490860704710B549
:10984000040000F029F8244800680228F9D300F049
:1098500051F9F6E770B50024382C07D21E481421C0
:109860006143401802F0A6FC641CF5E7404D280057
:1098700002F0A0FC3F4E300002F09CFC184802F0C1
:1098800099FC3D4802F096FC3C4802F093FC3C48B1
:1098900005603C48066070BD38B53B4D286800281F
:1098A00015D000F031F93448C068C0680400201DAC
:1098B00002F0B9FC51480168491E01602868401E49
:1098C000286000F02BF9200000F00EF8E5E731BD2C
:1098D00000000000686B00204C500020686B0020E6
:1098E000E8690020906B002010B504005920205C2E
:1098F000002806D1206B02F0B9FB200002F0B6FB75
:109900000DE05920205C012803D1200002F0AEFBBD
:1099100005E05920205C022801D072B6FEE710BD98
:1099200000B517490A681268002A04D10021C9430A
:10993000344A116006E00968C968C96808004168CE
:10994000304A116000BD00007C6B002000B52E483D
:109950000068002801D1012006E02C48006800289A
:1099600001D1022000E0002000BD00008C6B00202F
:10997000C0690020D4690020FC690020106A002022
:109980006C6B0020706B0020746B002070B50600BB
:1099900034000025002E2ED019480068844201D0E2
:1099A00072B6FEE7206D002801D172B6FEE7206D89
:1099B000401E2065E06AE16C88421CD0206D0028C2
:1099C00019D1201D02F02FFCE06CE0623820E16A22
:1099D000401AA0610F480168E26A914201D2E16A2F
:1099E0000160211D0A48E26A14235A43801802F0DC
:1099F000F3FB01200500280070BD0000786B0020FB
:109A0000686B0020986B0020846B0020A06B002006
:109A10004C500020806B0020F8B504000F0019485E
:109A20000568174E3068001D02F0FDFB0020C043A2
:109A3000844207D1002F05D03068011D124802F082
:109A4000CBFB1BE028190090009831684860009813
:109A5000A84206D23068011D0C48006802F0C8FB1D
:109A60000CE03068011D0A48006802F0C1FB09489B
:109A700000990268914201D200990160F1BD000095
:109A8000686B00207C6B0020106A0020706B002047
:109A90006C6B0020986B0020001F80235B04036028
:109AA000001F0160001F364B03601438026020382D
:109AB0007047000000B5334800680021C943884260
:109AC00001D072B6FEE772B6FEE780B52E48016897
:109AD000FF2212040A4302600168FF2212060A43B1
:109AE000026000F03AF800202649086002F003FE08
:109AF000002002BD8020400524490860BFF34F8F3D
:109B0000BFF36F8F7047000072B61E480168491C92
:109B10000160BFF34F8FBFF36F8F704700B51948D7
:109B20000168002901D172B6FEE70168491E016093
:109B30000068002800D162B600BD10B502F0ECFD4F
:109B40000400FFF71DFD002803D0802040050F49C9
:109B50000860200002F0E4FD10BD10B50C4C0020A0
:109B600020600C4908600C480068FA218900FBF766
:109B700068FE401E094908600720206010BD0000F3
:109B8000B59A00083400002020ED00E004ED00E06C
:109B900010E000E018E000E03C00002014E000E0ED
:109BA00070B505000C002E00002E01D172B6FEE744
:109BB000FFF7AAFF3068F16B326C51434018B06078
:109BC0000020B063306870603068F16B491E326C01
:109BD00051434018F0600020C04344217054452197
:109BE0007054002C0BD13069002810D03000103098
:109BF000FFF7A0FD00280AD0FFF77CFF07E0300048
:109C0000103002F0D7FA3000243002F0D3FAFFF718
:109C100085FF012070BD0000FEB507000D00140097
:109C20001E00002F01D172B6FEE7002E01D172B6E0
:109C3000FEE7002C01D0002D01D0012000E0002023
:109C4000C0B2002801D172B6FEE7002C01D1002D70
:109C500001D1012000E00020C0B2002801D172B67D
:109C6000FEE7502000900098502801D072B6FEE721
:109C700000980196019800280DD0012001994622F4
:109C8000885401980090202068440378220029001D
:109C9000380000F025F80198FEBD0000FEB5040074
:109CA0000E001700002C01D172B6FEE720007043B1
:109CB00002900298503002F063F90500002D0DD09B
:109CC00028005030019000204621685400953B0048
:109CD000DBB2019A3100200000F002F82800FEBD3E
:109CE000F4B506000C001F00069D002C01D12D606C
:109CF00001E000982860EE632C6401212800FFF742
:109D00004FFF4C202F54F1BDFCB583B007000E006F
:109D1000002500953C00002C01D172B6FEE7002E14
:109D200002D1206C002801D1012000E02800C0B23F
:109D3000002801D172B6FEE70498022802D1E06B38
:109D4000012801D1012000E02800C0B2002801D183
:109D500072B6FEE7FFF7FAFD002802D1039800284B
:109D600001D1012000E02800C0B2002801D172B664
:109D7000FEE7FFF7C9FEA06BE16B884202D30498AF
:109D8000022819D1049A3100200000F0A9F9050039
:109D9000606A002808D020002430FFF7CBFC0028A0
:109DA00006D0FFF7A7FE03E0002D01D0FFF7A2FECB
:109DB000FFF7B4FE01204CE00398002803D1FFF721
:109DC000ADFE002045E00098002804D101A8FFF76F
:109DD000F1FC01200090FFF7A1FEFFF757FBFFF712
:109DE00093FE0020C04344216156814202D12900E4
:109DF0004422A15445216156814202D128004521C7
:109E00006054FFF78BFE03A901A8FFF7DDFC0028D3
:109E100019D1200000F00FFA00280ED0039920007D
:109E20001030FFF751FC200000F0C0F9FFF736FBBF
:109E300000289ED1FFF75EFE9BE7200000F0B6F9F8
:109E4000FFF72CFB95E7200000F0B0F9FFF726FBA9
:109E5000002005B0F0BD0000FBB582B01500029CEB
:109E6000002C01D172B6FEE70398002802D1206CC5
:109E7000002801D1012000E00020C0B2002801D15B
:109E800072B6FEE70498022802D1E06B012801D1E6
:109E9000012000E00020C0B2002801D172B6FEE728
:109EA00002F03AFC0700A06BE16B884202D30498F1
:109EB000022827D120004530694602780A70A06B3D
:109EC0000190049A0399200000F00AF969460020E5
:109ED00008560021C94388420DD1606A002809D084
:109EE00020002430FFF726FC002803D0002D01D0ED
:109EF0000120286004E068460078401C4521605439
:109F0000012600E00026380002F00AFC300005B00F
:109F1000F0BD0000F4B584B007000E0000240194E9
:109F20003D00002D01D172B6FEE7002E02D1286C53
:109F3000002801D1012000E02000C0B2002801D19A
:109F400072B6FEE7FFF702FD002802D10498002850
:109F500001D1012000E02000C0B2002801D172B67A
:109F6000FEE7FFF7D1FDA86B00900098002815D000
:109F70003100280000F000F90098401EA86328690D
:109F8000002807D028001030FFF7D4FB002801D0AC
:109F9000FFF7B0FDFFF7C2FD012051E00498002853
:109FA00003D1FFF7BBFD00204AE00198002804D14F
:109FB00002A8FFF7FFFB01200190FFF7AFFDFFF7BD
:109FC00065FAFFF7A1FD0020C04344216956814294
:109FD00002D121004422A95445216956814202D16F
:109FE000200045216854FFF799FD04A902A8FFF756
:109FF000EBFB002819D1280000F00FF900280ED043
:10A00000049928002430FFF75FFB280000F0CEF809
:10A01000FFF744FA0028A4D1FFF76CFDA1E7280060
:10A0200000F0C4F8FFF73AFA9BE7280000F0BEF80A
:10A03000FFF734FA280000F0F0F8002891D0002053
:10A0400005B0F0BDF5B583B00C00039D002D01D126
:10A0500072B6FEE7002C02D1286C002801D1012045
:10A0600000E00020C0B2002801D172B6FEE702F085
:10A0700053FB0700A86B01900198002829D0280005
:10A080004430694602780A702100280000F074F814
:10A090000198401EA8636946002008560021C94364
:10A0A00088420FD12869002811D028001030FFF70E
:10A0B00041FB00280BD00498002808D00120049907
:10A0C000086004E068460078401C4421685401267A
:10A0D00000E00026380002F023FB300005B0F0BDA0
:10A0E000F3B583B00400170000260096A56B206C22
:10A0F000002808D12068002839D1A068FFF746FC65
:10A100000090A66033E0002F14D1206C02900498D8
:10A1100001906668029A01993000F9F7B5FE60680F
:10A12000216C401860606068A16888421FD3206875
:10A1300060601CE0206C029004980190E668029A2E
:10A1400001993000F9F7A0FEE068216C4A428018BE
:10A15000E060E0682168884204D2A068216C4A422D
:10A160008018E060022F02D1002D00D06D1E681C07
:10A17000A063009805B0F0BDF8B504000D00206C98
:10A18000002812D0E068216C4018E060E068A16807
:10A19000884201D32068E060206C0090E6682F00C0
:10A1A000009A31003800F9F76FFEF1BDF8B50400F0
:10A1B000FFF7AAFC45202556280040B201280CDBF9
:10A1C000606A002809D020002430FFF7B3FA002885
:10A1D00001D0FFF730FB6D1EEEE70027FF4345205F
:10A1E0002754FFF79BFCFFF78FFC442026563000D6
:10A1F00040B201280CDB2069002809D02000103073
:10A20000FFF798FA002801D0FFF715FB761EEEE75E
:10A2100044202754FFF782FCF1BD38B50400FFF756
:10A2200073FCA06B002801D1012500E00025FFF799
:10A2300075FC280032BD38B50400FFF765FCA06B43
:10A24000E16B884201D1012500E00025FFF766FCA3
:10A25000280032BD000010B50022082A0FD2084B9A
:10A26000082454431C59002C07D108245443195185
:10A27000082454431B19586001E0521CEDE710BD3F
:10A280004C680020F8B507000E0015003C00FFF7F1
:10A290003BFC0020C04344216156814202D1002191
:10A2A0004422A15445216156814202D1002045211A
:10A2B0006054FFF733FCA06B002805D12A00310061
:10A2C00020002430FFF718FA2000FFF76FFFF1BDE0
:10A2D00010B5040001F04AFE01002000096A884719
:10A2E00010BD10B5040001F041FE01002000896A94
:10A2F000884710BDC9B2521E05D30378401C8B425B
:10A30000F9D1401E704700207047FEE77047FEE716
:10A31000F8B584B004000020070001006A461170FF
:10A320002168890370D56946487080204005854DB5
:10A3300029680140002909D1296801432960296859
:10A340000840039003980120694648707E4E3068AB
:10A350008021490001433160FDF758FF02903068C9
:10A36000C00507D4FDF752FF0299401A0328F6D31F
:10A37000032007003800C0B200283BD1734E30687C
:10A38000C0218900014001910198002812D0019854
:10A39000216B88420ED030686D49014001913068D0
:10A3A000802149020143316030686A4901403160CF
:10A3B000019830600198C0070ED5FDF727FF029085
:10A3C0003068800708D4FDF721FF0299401A6249DE
:10A3D0008842F5D3032007003800C0B2002806D118
:10A3E00030685B490140206B0843306004E06846F8
:10A3F000077001E06846077068464078012803D17D
:10A4000028685649014029602078C00706D554487D
:10A4100001680322914362680A4302602078800742
:10A4200006D54F4801680C229143A2680A43026096
:10A430002078C00606D54A4801684A4A0A40E168C1
:10A44000114301602068800506D545480168464AE9
:10A450000A40A169114301602068400506D54048C3
:10A460000168424A0A40E169114301602078800690
:10A4700006D53B4801683E4A0A4021691143016004
:10A480008021C90120680840002811D034480268A2
:10A4900092009208236A13430360206A8022D20547
:10A4A000904205D13348026880235B021343036066
:10A4B0002068000306D52A48026840239A43636A4D
:10A4C000134303602068800211D5254802682A4B97
:10A4D0001340A26A1A430260A06A8022D20390420B
:10A4E00005D12448026880235B041343036020687D
:10A4F00040020FD51A480268204B1340E26A1A4303
:10A50000026080225204E06A904203D11948036835
:10A510001A430260206800050FD511480268184BE5
:10A52000134062691A4302606069884205D111488C
:10A530000168802252020A4302606846007805B032
:10A54000F0BD00003C100240007000405C10024072
:10A55000FFFCFFFFFFFFFEFF89130000FFFFFFEF7F
:10A5600054100240FFF3FFFFFFFFF3FFFFFFCFFF99
:10A57000FFCFFFFF0C100240FFFFBFFFFFFFFFFEFA
:10A58000FF3FFFFFF1B588B000252800694608703D
:10A59000102027490A6802430A60096808400190B0
:10A5A000019802A903A8FBF7BBFE06980190019849
:10A5B000002803D1FBF798FE040004E0FBF794FEAB
:10A5C00004000220444320001A49FBF73AF907002F
:10A5D0007F1E194E194830601948F0607760356168
:10A5E000B560B5613000F7F73BFC05002800C0B24C
:10A5F000002818D13000F7F765FC05002800C0B22C
:10A60000002810D11120FCF7ADFC0898042808D2CE
:10A61000002208991120FCF79BFC08980949086062
:10A6200001E0012005002800C0B209B0F0BD000023
:10A630003C10024040420F00F8660020001000402D
:10A64000E70300003800002070B5062400259E4E68
:10A650002A0021003000F7F791FA70BD9A480121D5
:10A6600001719B490A6812684023134309680B6013
:10A6700098494288895CBB4A11604188491C4180E5
:10A680007047F3B583B0150028000A30694608808A
:10A690008D480179002903D18C49097D002901D019
:10A6A000002042E069460988891C0180894C019498
:10A6B0000198AD490170090A41706846007B019913
:10A6C000887001982900C170090A01710020019960
:10A6D00048710198811D002002F028F8280080B2FE
:10A6E00000280ED0049800280BD02E00B6B2049893
:10A6F0000290019807000A37320002993800F9F7F2
:10A70000C3FB68460188019802F01AF80600300081
:10A71000694609886054300080B2000A6946098899
:10A7200061184870FFF79AFF012005B0F0BD38B5F9
:10A730000500654C20886188884206D2CF22B14945
:10A74000B14802F019F800BF00BF60882188884234
:10A7500003D1FFF779FF002007E05E486188405C85
:10A7600028706088401C6080012032BD704770B541
:10A7700018240025554E2A0021003000F7F7FEF975
:10A78000A248006852480168096820220A4300680C
:10A79000026070BD38B505000C002000C0B2002872
:10A7A0000AD02000C0B2012806D0F222954998486C
:10A7B00001F0E2FF00BF00BF2800C0B2162811D18F
:10A7C0004248C249096802898D540189491C0181A6
:10A7D0002100C9B2002901D1012005E00121017544
:10A7E000022001E02000C0B232BD01003748B74A64
:10A7F00012680389D1540289521C0281017303201B
:10A80000704738B505000C002088022807D386223F
:10A8100052007C49AE4801F0AFFF00BF00BF2B489B
:10A82000AA49096802898D540189491C018121883E
:10A83000491C21802188022904D22900C9B2C18182
:10A84000807910E0218802290CD1C1892A00D2B276
:10A8500012020A43C281C189491E818000202080E2
:10A86000042000E0002032BD01001848974A126819
:10A870000389D1540289521C02810174052070475A
:10A8800038B505000C002088042807D3FF222C329D
:10A890005C49904801F070FF00BF00BF0B488B4936
:10A8A000096802898D540189491C01812188491C4C
:10A8B00021802188042901D2807902E000202080B3
:10A8C000062032BD00000000906A00202C690020A4
:10A8D000C8610020945E002070B506000D001400D1
:10A8E0002088290089B2884207D3FF223E32454999
:10A8F000794801F041FF00BF00BF2088012805D141
:10A900001A487249096802898918016017486F4915
:10A91000096802898E540189491C01816F49704A76
:10A920000B78D6540A78402A03DA0A78521C0A7047
:10A9300001E000220A702188491C218021882A0018
:10A9400092B2914201D2807907E000212180007CFF
:10A95000002801D1082000E0072070BD034880795D
:10A960007047000028440040161600002C690020A3
:10A97000F1B584B00C002088022807D3B32252001E
:10A980002049534801F0F8FE00BF00BF5549684612
:10A99000007C4E4A12680B89D0540889401C0881FB
:10A9A0002088401C20802088022804D26846007C31
:10A9B0004882887923E0002630002080488A6A4651
:10A9C000127C120202434A8247480A7B02708A883C
:10A9D000427089880291424F0197851C029A019921
:10A9E0002800F9F751FA40250096009A290038000E
:10A9F000F7F7C4F839480670FFF7B9FE002005B034
:10AA0000F0BD0000F4CB000894CE000824440040C0
:10AA100008CD000838B50500324CA07900280CD0CC
:10AA2000022818D010D3042823D01AD306282ED0F9
:10AA300025D3082838D033D33DE0A1792800C0B20F
:10AA4000FFF7A8FEA07136E0A1792800C0B2FFF799
:10AA5000A1FEA0712FE02800C0B2FFF7C6FEA071D2
:10AA600029E021000A312800C0B2FFF7CAFEA07118
:10AA700021E02800C0B2FFF7F7FEA0711BE0210023
:10AA80000A312800C0B2FFF7FBFEA07113E02200DC
:10AA90000A32E1892800C0B2FFF71EFFA0710AE068
:10AAA000FFF75CFFA07106E021000A312800C0B268
:10AAB000FFF75EFFA07131BD10B504000B480460C4
:10AAC000FFF7C2FDFFF753FE10BD0000086B00202A
:10AAD0008CD300089CD30008F8D20008CB6B002070
:10AAE000CC6700202C69002044670020046B002004
:10AAF00080B500B200F0E4FE134901F04FFE02BD44
:10AB000080B500B200F0DCFE104901F047FE02BD46
:10AB100080B500B200F0D4FE0D4901F03FFE02BD49
:10AB200080B500B200F0CCFE0A4901F037FE02BD4C
:10AB300080B500B200F0C4FE074900F0CCFE074922
:10AB400000F01DFE02BD000023DB793D23DBF93D53
:10AB500023DB793E23DBF93E00C0B1430000C8414E
:10AB600038B505000C00012322000F21280001F058
:10AB70006DFE32BDF2B582B00600002005000190E6
:10AB8000019C012300AA521C1021300001F05EFE3E
:10AB9000241801236A461321300001F057FE2718BC
:10ABA0006846007A00286CD0022838D003D30328E6
:10ABB00000D18AE0ACE06846007801210143684694
:10ABC000017001236A461321300001F051FE3C1848
:10ABD000002C00D0AAE001236A461321300001F0C6
:10ABE00035FE0400002C12D1684600780100C90728
:10ABF000C90FC9B200290AD0B068002802D01920B4
:10AC0000B16888472800451CC0B20528E3D3280056
:10AC1000C0B2052802D30020C043040086E0684685
:10AC200040782021014368464170012300AA521C4C
:10AC30001021300001F01CFE3C18002C76D100A938
:10AC4000891C300000F074F80400002C11D1684613
:10AC500080780100C907C90F00290AD0B068002810
:10AC600002D00120B16888472800451CC0B20528E1
:10AC7000E5D32800C0B2052802D30020C043040059
:10AC800054E068460078EF2101406846017068464C
:10AC90000078202101436846017068464078102101
:10ACA00001436846417001236A461321300001F0D8
:10ACB000DFFD38180190019C012300AA521C1021CD
:10ACC000300001F0D5FD241830E0102069460978E5
:10ACD00001436A4611706946097820220A43694691
:10ACE0000A706946497808436946487001236A46F4
:10ACF0001321300001F0BCFD38180190019C0123A4
:10AD000000AA521C1021300001F0B2FD24180DE001
:10AD1000684640782021014368464170012300AA1B
:10AD2000521C1021300001F0A3FD3C182000FEBD94
:10AD3000F8B505000C00012300AA921C252128006B
:10AD400001F084FD0700012300AA521C10212800F5
:10AD500001F07CFD3E1801236A461321280001F012
:10AD600075FD30182278FE2111406A465278D2B221
:10AD700052091300DB07DB0F0B4323702278FD2100
:10AD800011406A4612785300022213400B4323708D
:10AD90002278FB2111406A469278930004221340E6
:10ADA0000B432370F2BDF8B507000C0001236A467F
:10ADB0001421380001F04AFD05000F2021780140E0
:10ADC0006A46127810400901014368460170032069
:10ADD000617801406A461278FC2313400140194310
:10ADE0006A46117021780029032906D9091F0BD062
:10ADF000491E17D0491E2ED051E068460078F32135
:10AE000001406846017056E0A078032803D0002076
:10AE1000C043050005E0684600780C210143684600
:10AE2000017048E0A078022805D003280CD000204B
:10AE3000C04305000EE068460078F3210140082079
:10AE400008436946087005E0684600780C21014314
:10AE5000684601702FE0A078012807D002D30328AC
:10AE600016D00CD30020C043050017E068460078D8
:10AE7000F321014004200843694608700EE068464B
:10AE80000078F3210140082008436946087005E076
:10AE9000684600780C210143684601700BE0A178F8
:10AEA000084069460978F3220A4080000C210140DD
:10AEB000114368460170002D01D028002CE00123C9
:10AEC00000AA521C1221380001F0C0FC06002078B4
:10AED00030210140102901D1012000E00020694605
:10AEE0004978FB220A40800004210840104369464B
:10AEF0004870002E0FD101236A461421380001F05A
:10AF0000B7FC0500012300AA521C1221380001F0F1
:10AF1000AFFC281806003000F2BD38B5040001214E
:10AF200000226846F6F72AFE6846007801210143B0
:10AF30006846017001236A463E21200001F098FC1A
:10AF40000500A068002802D01920A16888472800C1
:10AF500032BDF1B582B00C00012300AAD21C25211C
:10AF6000029801F073FC01902178FE2008406946A8
:10AF7000C9780A00D207D20F024322700198002834
:10AF800000D0DCE001256846C078C0B24009290045
:10AF90000140C9B2002900D1D1E001236A46232132
:10AFA000029801F053FC0190019E012300AA521C5B
:10AFB0002121029801F04AFC30180190019E0123E2
:10AFC00000AA921C2221029801F040FC3018019046
:10AFD0006178FB20084069460978C9B20909042252
:10AFE0001140014361706178F72008406946097893
:10AFF000C90008221140014361706178EF200840C8
:10B0000069460978C90010221140014361706178D6
:10B01000DF20084069460978C90020221140014319
:10B0200061704020BF2162780A406B461B78DB00CC
:10B030000340134363707F22637813406E46367873
:10B04000F6B23609F6011E436670FE23A6781E404E
:10B05000B4466E463678F6B276092F00374066461B
:10B060003743A7702778F7263E40B4466E46777878
:10B07000082637406646374327702778EF263E403C
:10B08000B4466E4676783701102637406646374319
:10B0900027702778DF263E40B4466E467678370123
:10B0A00020263740664637432770267831406E4663
:10B0B000767836013040084320702178FB20084024
:10B0C00069464978C9B2C908042631400143217054
:10B0D000FD200221A6780640B4466E467678F6B288
:10B0E00076090F00374066463743A770A778FB26DE
:10B0F0003E40B4466E4676783700FFB2BF0804265D
:10B10000374066463743A770267832406E46B67899
:10B11000F6B2B609F60116432670627813406A4605
:10B120009278D2B2520915401D4365706278104082
:10B130006A469278D2B2D2081140014361700198F8
:10B14000FEBDF3B583B0140006236A462821039898
:10B1500001F07CFB070000252E002800C0B2032868
:10B160006DD268463100C9B2411849782A00D2B27E
:10B1700002235A43A21891812900C9B202225143E5
:10B1800061180C22895E802252004A433100C9B204
:10B19000405C10182900C9B202225143611888810D
:10B1A000B61C04984078002805D0022821D011D37D
:10B1B00003282DD03BE02800C0B2022148432018CC
:10B1C0000C21405EFFF794FC2900C9B204225143D0
:10B1D000605032E02800C0B20221484320180C2100
:10B1E000405EFFF78DFC2900C9B204225143605034
:10B1F00023E02800C0B20221484320180C21405E01
:10B20000FFF786FC2900C9B204225143605014E0C4
:10B210002800C0B20221484320180C21405EFFF7ED
:10B220007FFC2900C9B204225143605005E0002090
:10B230002900C9B20422514360506D1C8DE73800CB
:10B2400005B0F0BD7CB505000C0002236A462E2136
:10B25000280001F0FBFA060068464178A18004212D
:10B26000615E802252004A4300781018A0800420BA
:10B27000205EFFF75DFC2060300076BD7CB50600E7
:10B280000C00012300AA921C1021300001F0DEFA0C
:10B290000500002D15D121780800C007C00F6946B0
:10B2A0008978BF220A408001402108401043694646
:10B2B0008870012300AA921C1021300001F0D8FAF6
:10B2C0000500002D5ED1012300AA521C112130007F
:10B2D00001F0BCFA0500002D54D1012021780A00AC
:10B2E000D2B25208010011406A465278F723134047
:10B2F000C9000822114019436A46517021780A009A
:10B30000D2B21209010011406A465278EF2313406D
:10B3100009011022114019436A46517021780A0030
:10B32000D2B2D208010011406A465278DF2313409E
:10B3300049012022114019436A46517021780A00C0
:10B34000D2B25209010011406A465278BF2313401D
:10B3500089014022114019436A4651702178C9B2CF
:10B3600089080840694649784906490EC0010843E2
:10B3700069464870012300AA521C1121300001F0D7
:10B3800077FA0500002D75D101236A461F21300090
:10B3900001F05CFA0500002D6CD1012021780A0033
:10B3A000D2B29209010011406A461278EF2313408D
:10B3B00009011022114019436A4611702178C9B25F
:10B3C000C9096A461278FB23134089000422114000
:10B3D00019436A4611706278010011406A4612787A
:10B3E000F7231340C9000822114019436A4611701F
:10B3F00061780A00D2B25208010011406A46127800
:10B40000DF23134049012022114019436A4611707D
:10B4100061780A00D2B29208010011406A4612789F
:10B420005206520EC90111436A46117061780A0032
:10B43000D2B2D208010011406A461278FE231340AE
:10B4400002000A401A4369460A706178C9B20909C4
:10B45000084069460978FD220A4040000221084060
:10B4600010436946087001236A461F21300001F02D
:10B47000FFF90500280076BD7CB506000D0001230C
:10B480006A461721300001F0E1F90400002C49D18F
:10B490002878002802D0012807D013E068460078F9
:10B4A000FE2101406846017018E0684600780121DD
:10B4B00001436846017068460078FD2101406846F6
:10B4C00001700BE068460078012101436846017075
:10B4D00068460078022101436846017001206978BE
:10B4E0000A00D2B25208010011406A461278FB23CA
:10B4F000134089000422114019436A46117069788B
:10B50000084069460978F7220A40C000082108402F
:10B5100010436946087001236A461721300001F084
:10B52000A7F90400200076BDFFB583B00400012315
:10B5300001AA921C6F21200001F088F90290029D5F
:10B54000012301AA521C7021200001F07FF9281864
:10B550000290029D012301AA7121200001F076F9D9
:10B5600028180290029D012300AAD21C72212000FB
:10B5700001F06CF92F18012300AA921C73212000FE
:10B5800001F064F93E1801236A467421200001F09D
:10B590005DF93518012300AA521C7521200001F025
:10B5A00055F9281802900298002800D0E4E03F20C6
:10B5B0006946897901406A46127C92010A436946CC
:10B5C0008A7169468A79C121114004AA52785200D1
:10B5D0003E2313400B4369468B710F216A46527913
:10B5E0000A4004AB9B781B0113436A465371F02257
:10B5F0006B46DB780B4004ADAD7815401D436B46C0
:10B60000DD706B465B79134004ADED780D401D4352
:10B610006B465D716B461B79034004ADED78EDB26E
:10B620002D09AD011D436B461D71C0236D462D795B
:10B630001D4004AE367906402E436D462E716D4690
:10B64000ED78154004AE76790E402E436D46EE70CF
:10B650007F256E46B6782E4004AF7F79FFB23F0952
:10B66000FF0137436E46B7706E46B678334004AE7E
:10B67000B679304018436B46987068460078E023EE
:10B68000034004A8C079C006C00E18436B4618706A
:10B6900068460378DF20184004AB5B7A5B01202604
:10B6A000334003436846037068460378BF20184060
:10B6B00004AB5B7A5B01402633400343684603706A
:10B6C00068460078054004A8407AC0B28008C001EE
:10B6D00028436B46187068464078014004A8007AF9
:10B6E000000108436946487068464078024004A853
:10B6F000007AC0B20009104369464870029D0123D8
:10B7000001AA921C6F21200001F0B2F828180290C3
:10B71000029D012301AA521C7021200001F0A8F80B
:10B7200028180290029D012301AA7121200001F036
:10B730009FF828180290029D012300AAD21C7221B2
:10B74000200001F095F82F18012300AA921C732104
:10B75000200001F08DF83E1801236A467421200074
:10B7600001F086F83518012300AA521C752120002B
:10B7700001F07EF828180290029807B0F0BD01226F
:10B78000D20703004B402ED4431A01D2C01AC91865
:10B7900030B44B180418240E1B0E22D0FF2C20D0DE
:10B7A000E31A182B1DDC09021143C40D641E0002AC
:10B7B000104394461925ED1A0A00AA40D9404518AD
:10B7C00001D36D08A41CE405D209280A2D062A43DA
:10B7D0006546AA41604103181B0EFF2B01D3C00D23
:10B7E000C00530BC7047514006E05140CCE7012213
:10B7F000D20703004B40F8D4431A03D2C01AC91829
:10B800005040514030B44B18090211430418240E23
:10B810001B0E40D0FF2C3AD025009D410BD31ED8E3
:10B82000C50D4002401A0BD3ED050100400AC905C1
:10B8300091416841D5E7C50D40024918401AD0D062
:10B8400001214008491C0018FCD58C4204D36D1A14
:10B85000000AED054019C4E7E8051040C1E7182DBE
:10B86000BFDCAC1C0D00E140E5414D40012D4941DC
:10B87000C40D00021043451A01D46D199543641E8E
:10B88000E405280A2D069541604130BC7047FF2B26
:10B89000A7D1D843A5E72442A3D10020A1E7FEE722
:10B8A0009D2102000AD002D4491E9218FCD5C90578
:10B8B000100A1206524100D3012A48417047000085
:10B8C0009D210200EED55242F446FFF7EBFF012224
:10B8D000D2071043604730B405004D400122D20723
:10B8E00015404B180418240E25D01B0E2CD0FF2C0D
:10B8F00031D0FF2B34D0E41A000209021043114367
:10B9000043084808D10D1B1A02D2641EDB181B180D
:10B91000DB18834200D31B1A4941F9D37F3423DD5E
:10B92000FF2C05DAE40548086041284330BC704725
:10B93000FF20C005F9E728001B0E03D0FF2BF5D12F
:10B940004902F3D0D043F1E7FF2C01D14002F9D1F5
:10B95000FF20C005E9E74002F4D1FF2BF8D1F1E761
:10B9600028004902E2D0EDE70B0200202442DCD19E
:10B970005B129B1CD9D9D805D7E7FEE77047FEE7D5
:10B9800080B5002801D100BF07A006490B68002B35
:10B9900003D022220021984701E000F07BFF222003
:10B9A00002BD0000B86B0020636F6E737472616932
:10B9B0006E742068616E646C65723A206261642006
:10B9C0006D6573736167650010B5144600F002F889
:10B9D000226010BD4A0053155B1C08D0520D06D0E2
:10B9E00003231B02FE3AD21A1305C91A704700221C
:10B9F000704730B4012464054D00EC420BD85D0063
:10BA0000EC4208D80C001C4364000443144304D2E5
:10BA1000994200D1904230BC7047FCD08B42FAD1A1
:10BA20008242F8E730B4012464054D00EC420BD8A3
:10BA30005D00EC4208D80C001C436400044314432E
:10BA400004D28B4200D1824230BC7047FCD0994274
:10BA5000FAD19042F8E7124217D40023DB435B0D82
:10BA60009C464B005B0D06D0634504D09B18634594
:10BA700002D21205891870476246090D1143090563
:10BA8000002000B500BF00BF00BD52424B005B0D5F
:10BA9000F1D05B1C5B05EED25B0D934102D9120520
:10BAA000891A70470BD10B031B13C90FC907821CDE
:10BAB000002043411343E4D912051143E1E7C90FC4
:10BAC000C9070020DDE7FEE7F4464A1805D200F07A
:10BAD0000FF801D580174008604700F009F80121F0
:10BAE000C907884200D90800404260474A1812D26C
:10BAF000400DC90208430121C9070843520D4021E6
:10BB00000901521A521C06D452421F3201D4D040AD
:10BB10007047C017704700207047FEE701004222BF
:10BB20001201D21E004207D002D4521E0018FCD5CA
:10BB3000C10A400512058918704700000100EED5C2
:10BB40004042F446FFF7EBFF0122D2071143604762
:10BB50008B4200D1824205D98446100062468C4651
:10BB600019006346DF184C18640D7F0D3AD0661C2F
:10BB7000760537D0E61B352E34DCDB022B43DB0A9F
:10BB80000C0DC9022943C912202E0DDB1700203EDF
:10BB900006D01F00F741F3405F400026012A77419D
:10BBA000C01871410DD217E01700F741F24057401D
:10BBB000F3415A40B340F3405A400026801859419F
:10BBC0000AD3A21C52050FD0C207012F72411700E1
:10BBD0004008CB0718434908641C24054208AF41BC
:10BBE00070416141F0BC7047641C21050020F9E7F9
:10BBF0006B4010E06B40ABE7F742F3D1E943F1E76C
:10BC00002442EFD100200021ECE7F0B40125ED073C
:10BC10000F005F40EED40C00871A9C4105D2C01B78
:10BC2000A141D219634169406B40AE0ADF184C183C
:10BC3000F442E1D2640D7F0DE2D0E61B362ED1DC5A
:10BC4000DB022B43DB0AA4460C0DC9022943C90AB7
:10BC5000012E28DC04D1D6075208DF073A435B08DF
:10BC6000EF0A76429041994114D039423BD1B6193E
:10BC700040414941761C394204D1761C00184941A3
:10BC80003942FAD0B9436746B74208D9A41B240504
:10BC90002143A7E70042EAD13642E8D1A2E7E40A0D
:10BCA000E10700209EE7202E0BDD203E1F00F34021
:10BCB000F7415F40012A002257417E42984191415D
:10BCC0000BE01700F741F2405740F3415A40B340B0
:10BCD000F3405A407E42904199410A0303D2641EC8
:10BCE000B619404149410027641E24054208AE416F
:10BCF00078416141F0BC7047F0B40E005E40012510
:10BD0000ED072E40B446AE0ADF184C18F4423BD281
:10BD1000F74241D2640D43D07F0D38D0E41BC902F5
:10BD2000DB0229432B43CF0ADB0A0600B61A9F41E8
:10BD300004D2641EB6197F41B6185F416812800DA7
:10BD400024180018844222DCE80C0021B6197F4137
:10BD5000B61A9F4102D2B6185F413F1C404149418B
:10BD6000F4D3241C21DD2405B6197F41B61A9F4166
:10BD700005D33743C60737430026012F7041614181
:10BD800066463143F0BC7047FCD1F74205D2002033
:10BD9000C14349054908F3E704D00020C143F1E756
:10BDA0007F0DFAD000206146ECE72442FAD1401C16
:10BDB00061410F03F6D30020E2E7F0B50E005E40CC
:10BDC0000125ED072E40B446AE0ADF184C18F442A8
:10BDD00008D2F7420ED2640D01D07F0D12D100209F
:10BDE0006146F0BD05D1F74201D87F0D05D1002095
:10BDF000C143F0BDFBD1640DF9D00020C14349051A
:10BE000049088FE0E419C902DB0229432B43DB0A0E
:10BE1000460DC00231438E4630B487B295B27D43A1
:10BE20002E0CADB2140C7C43A419260C240425431B
:10BE30009CB27C43A419190C7943270CC919A4B2EC
:10BE40000F043C43090C000C97B247432E0CBE195B
:10BE50003543ADB2170C4743360CBF19A6B2BF1914
:10BE60003E043543240C3E0C36199FB24743BF199C
:10BE7000BCB23E0C89191F0C47437F183E04344363
:10BE8000390C704680B297B247432E0CBE19354329
:10BE9000ADB2170C4743360CBF19A6B2BF193E040A
:10BEA0003543240C3E0C36199FB24743BF19BCB230
:10BEB0003E0C89191F0C47437F183E043443390C4C
:10BEC00077463F0C90B278432E0C80190604ADB231
:10BED0002E43050CA0B22D18120C7A435019020CF7
:10BEE00080B2240CA4189AB27A4312191404204385
:10BEF000120C89181B0C7B43C91830BCEF0A39425D
:10BF000003D1B61940414941641E6F12BF0DE41BB5
:10BF10000BDBFF19BC4211DA240500274208AE41B1
:10BF20007841614166463143F0BD641C05D1401C37
:10BF30006141CF0201D34908F4E750E75DE7FEE72E
:10BF4000FFE741381A288041C00F704701000939C6
:10BF5000052901D3202801D1012070470020704716
:10BF6000010041391A2900D2203070470248704739
:10BF700002487047000000007800002040000020C8
:10BF8000FEB5040000260296FDF780FA7F4800689F
:10BF9000002801D100F09EF87D480068204000286C
:10BFA0005AD1002C0ED07B48006824180720044288
:10BFB00008D02100083104400C1B2040002801D08B
:10BFC00072B6FEE7002C47D0734F3868A04243D3C7
:10BFD00072480190006805006868A04205D2286890
:10BFE000002802D001952D68F6E768480068854270
:10BFF00032D0684801990968026889180291296855
:10C00000019A1160006840006968091B88420ED2DD
:10C01000281900900098400701D072B6FEE76868C2
:10C02000001B009948606C60009800F081F8386847
:10C030006968401A38605A4839680268914201D2EA
:10C0400039680160686852490968014369602E6077
:10C0500054480168491C0160FDF720FA0298400726
:10C0600001D072B6FEE70298FEBD000070B5040074
:10C070002500002C2DD04748006841426D182E0045
:10C080004348716802680A40002A01D172B6FEE78F
:10C090003168002901D072B6FEE7716802680A4073
:10C0A000002A16D03168002913D1716800688143D5
:10C0B0007160FDF7EBF93848016872688918016012
:10C0C000300000F035F838480168491C0160FDF780
:10C0D000E5F970BD70B5354B354801004A07520F80
:10C0E000002A04D0C91D072291435A1A13180800C8
:10C0F0002A4A106000245460C218264D2D68521B35
:10C100000725AA43214D2A602E6874602E6834608A
:10C110000400161B66602D6825606568204E35603A
:10C1200065681D4E356080252D06194E356070BD41
:10C1300030B51A490A68824201D20968FAE70A0052
:10C140004B68D318834204D14B6844681B194B6079
:10C150000800030044681C190D68AC4210D10B4A5A
:10C160000C681568AC4208D042680C686468121903
:10C1700042600A681268026004E01268026001E02E
:10C180000A680260814200D0086030BDC46A0020A5
:10C19000D86A0020D8D50008C86A0020886A002024
:10C1A000CC6A0020D06A0020D46A0020E02E000073
:10C1B000CC0000200100083141600021C9438160AA
:10C1C00001000831C16001000831016100210160F6
:10C1D000704700210161704742684A6093688B6034
:10C1E000936859609160086103685B1C0360704745
:10C1F00010B50B680022D243934201D1026907E0D7
:10C200000200083254682468A34201D35268F9E757
:10C2100054684C604C68A1608A6051600861046891
:10C22000641C046010BD00B5010008698A684B6891
:10C230009A604A688B685A6042688A4201D18A686B
:10C24000426000220A610268521E0260006800BD5E
:10C25000034B0360034B0B6080231360704700BFE8
:10C2600000640020945C002038B586B000242500CE
:10C2700000F0E5F962480068002819D0049403949E
:10C2800005AA03A904A800F00BFB5E4C04980290D9
:10C2900003980190022000900023059A64496548A4
:10C2A000FCF78AFF20602068002801D001200500EB
:10C2B000002D01D172B6FEE7280007B030BD0000A6
:10C2C000FEB584B007000E000025002F01D172B624
:10C2D000FEE74B4C2068002820D00096059801907E
:10C2E0000297062E13DAFDF731FB022807D100234F
:10C2F0000C9A69462068FDF707FD05000EE0002353
:10C30000002269462068FDF7FFFC050006E00023D7
:10C31000069A69462068FDF79FFD0500280007B0D2
:10C32000F0BD0000F8B505000E00A7480068C06821
:10C33000C468201DFFF777FF2820205C400716D532
:10C340002B003200A0692918200000F088F800288E
:10C3500013D00020009000232A0000212000FFF7C6
:10C36000AFFF0700002F01D172B6FEE705E02820DD
:10C37000205CFE210140282021542000216A8847AA
:10C38000F1BD38B50400684600F03EF8050000999C
:10C39000280000F003F800F089F8F4E77CB5060007
:10C3A0000C00FDF773F8684600F046F805000098A9
:10C3B000002821D1002C08D1B54206D3FDF76EF834
:10C3C00029003000FFF7AEFF18E0002C07D0AF487F
:10C3D00000680068002801D1012400E00024220048
:10C3E000711B07480068FDF74DFFFDF757F800285F
:10C3F00004D1FDF77FFB01E0FDF750F873BD0000AD
:10C40000AC6B0020B06B002000B501006E480268E4
:10C410001268002A01D1012200E000220A600A68A5
:10C42000002A03D10068C068006800E0002000BD59
:10C43000C8D5000883C3000870B50400FDF78AF86A
:10C440000500934E3068854204D200F0BFF8012009
:10C45000206001E0002020603560280070BDF4B548
:10C4600004000E001F000025666024610098B042A1
:10C470000DD30098C01BA169884202D3012005009A
:10C4800012E0211D81480068FFF7B2FE0CE0009821
:10C49000B84204D2BE4202D30120050004E0211DAF
:10C4A00049480068FFF7A4FE2800F2BDF8B586B041
:10C4B000002201A977480068FDF72CFD002800D173
:10C4C00080E00198002809D501A8051D002D01D1A3
:10C4D00072B6FEE7A96868682A6890470198002844
:10C4E000E6D4039804006069002802D0201DFFF7FD
:10C4F0009AFE05A8FFF7A0FF0600019800280ED0BD
:10C5000002280CD00BD3042837D02FD3062806D00E
:10C5100048D308282AD002D309282ED051E0282059
:10C52000205C0121014328202154029B3200029803
:10C53000A16941182000FFF792FF002815D02000C4
:10C54000216A88472820205C40070ED500200090F3
:10C5500000230298A169421800212000FFF7B0FED5
:10C560000700002F01D172B6FEE7A1E72820205C6A
:10C57000FE210140282021549AE72820205C012137
:10C580000143282021540298A061A069002801D10C
:10C5900072B6FEE733003200A06931182000FFF7C1
:10C5A0005EFF85E72820205C800703D42000FFF78A
:10C5B0005DFD05E02820205CFE210140282021545B
:10C5C00076E775E707B0F0BDA46B0020FEB5324DED
:10C5D0002868006800282CD02868C0680068060019
:10C5E0002868C068C0680400201DFFF71CFE2000FA
:10C5F000216A88472820205C4007E8D5A0693018C8
:10C600000700BE4206D267602461211D2868FFF73B
:10C61000EFFDDCE700200090002332000021200025
:10C62000FFF74EFE01900198002801D172B6FEE797
:10C63000CDE7286815490A682A600860F7BD7CB50F
:10C64000FDF762FA134C206800281BD1134D280017
:10C65000FFF7B0FD124E3000FFF7ACFD0E4805604D
:10C660000A480660002000900E4B0F4A10210A2055
:10C67000FDF7D2FA20602068002803D00B4920681B
:10C68000FDF7E9FDFDF74AFA73BD0000A86B002035
:10C69000B46B0020AC6B0020A46B0020246A002047
:10C6A000386A0020C465002094600020D0D50008BE
:10C6B00080F308887047EFF309801B4B1A68203815
:10C6C0001060F0C044464D4656465F46F0C008B57F
:10C6D00072B6FCF7C7FF62B60CBC11680868103070
:10C6E000F0C8A046A946B246BB4680F30988203868
:10C6F000F0C8184770470C4B19680868203080F361
:10C700000988022080F31488BFF36F8F3FBCAE46C8
:10C7100008BC04BC62B61847EFF3108072B67047CD
:10C7200080F3108870470000686B00208446087012
:10C73000000A4870000A8870000AC8706046704796
:10C7400070B50200130000200C00A4B2002C0ED023
:10C75000084C0500ADB22D12EDB21E786E400225D8
:10C760006E43A45B00026040491E5B1CECE780B294
:10C7700070BD00BF00C9000800B583B000910192F0
:10C7800002906A4604491820ABBE002801D100F08F
:10C7900081F803B000BD00BF1010020030B40500E6
:10C7A0004D400122D20715404B180418240E2ED0FC
:10C7B0001B0E32D0FF2C34D0FF2B3AD0E4180002ED
:10C7C000090210431143000A090A9446C2B24A43BF
:10C7D000000AC3B24B43000A4843110A5B181A43CC
:10C7E000D2B2190A091801D44918641E080A7F3CFC
:10C7F00023DBFE2C08DAE405090611436346994160
:10C800006041284330BC7047FF20C005F9E728008D
:10C810001B0EFF2BF6D1D043F4E72800FF2CF1D1FB
:10C82000F9E74002F7D1FF2B01D14902F3D1E0052E
:10C83000E7E7D8054902E4D0EDE743020020641C95
:10C84000DFD15B129B1CDCD9D805DAE7F2B5040016
:10C8500016001D00002C02D10020C04307E02B0071
:10C860009BB2320068460178E0686768B847F2BD5D
:10C87000F2B5040016001D00002C02D10020C043B8
:10C8800007E02B009BB2320068460178E068276819
:10C89000B847F2BD80B5012000F00EF801BDFEE7FB
:10C8A000034B0360034B0B6080235B0013607047F6
:10C8B0005C640020AC54002080B500F007F8024A08
:10C8C00011001820ABBEFBE72600020010B500F0F7
:10C8D00013F8020000230024E4431068A04203D0B0
:10C8E00011000220ABBE13605068A04203D0111D9E
:10C8F0000220ABBE536010BD00487047C00000204E
:10C9000000002110422063308440A550C660E770CB
:10C91000088129914AA16BB18CC1ADD1CEE1EFF173
:10C920003112100273325222B5529442F772D6621B
:10C93000399318837BB35AA3BDD39CC3FFF3DEE3C3
:10C940006224433420040114E664C774A44485546B
:10C950006AA54BB528850995EEE5CFF5ACC58DD513
:10C960005336722611163006D776F6669556B446BB
:10C970005BB77AA719973887DFF7FEE79DD7BCC763
:10C98000C448E5588668A77840086118022823380B
:10C99000CCC9EDD98EE9AFF9488969990AA92BB9B3
:10C9A000F55AD44AB77A966A711A500A333A122A5B
:10C9B000FDDBDCCBBFFB9EEB799B588B3BBB1AAB03
:10C9C000A66C877CE44CC55C222C033C600C411CAB
:10C9D000AEED8FFDECCDCDDD2AAD0BBD688D499D53
:10C9E000977EB66ED55EF44E133E322E511E700EFB
:10C9F0009FFFBEEFDDDFFCCF1BBF3AAF599F788FA3
:10CA00008891A981CAB1EBA10CD12DC14EF16FE182
:10CA10008010A100C230E3200450254046706760BA
:10CA2000B9839893FBA3DAB33DC31CD37FE35EF3D2
:10CA3000B1029012F322D23235421452776256720A
:10CA4000EAB5CBA5A89589856EF54FE52CD50DC522
:10CA5000E234C324A014810466744764245405445A
:10CA6000DBA7FAB79987B8975FE77EF71DC73CD772
:10CA7000D326F2369106B0165766767615463456AA
:10CA80004CD96DC90EF92FE9C899E9898AB9ABA9C2
:10CA90004458654806782768C018E1088238A328FA
:10CAA0007DCB5CDB3FEB1EFBF98BD89BBBAB9ABB12
:10CAB000754A545A376A167AF10AD01AB32A923A4A
:10CAC0002EFD0FED6CDD4DCDAABD8BADE89DC98D62
:10CAD000267C076C645C454CA23C832CE01CC10C9A
:10CAE0001FEF3EFF5DCF7CDF9BAFBABFD98FF89FB2
:10CAF000176E367E554E745E932EB23ED10EF01EEA
:10CB000000B5324909680140814201D1012000E0AD
:10CB1000002000BD2D490860704700B5FEE700B554
:10CB2000FEE780B52A48F8F7E9FC01BD80B5294841
:10CB3000F5F70AFAF3F7ECFE27480168002902D05E
:10CB40000168491E016001BD80B52448F5F7FCF974
:10CB500001BD7CB5FDF70AFE2024214D2868C0697F
:10CB60002040002804D01F480068C0B2FDF752FFE3
:10CB700040262868C0693040002810D06846FDF77C
:10CB8000D6FD002807D1286806622868006804439B
:10CB90002868046003E068460078134908602800AC
:10CBA000F5F7DCFF73BD80B51048F5F7D7FF01BD81
:10CBB00080B58020FFF7A4FF002805D08020FFF774
:10CBC000A9FF01200A49087001BD00000C180240AD
:10CBD000B864002014660020A86A0020F8660020CF
:10CBE000C861002024440040284400405C620020CA
:10CBF000D46B0020433A5C55736572735C62657256
:10CC00006E617264365C4F6E654472697665202D84
:10CC10002053544D6963726F656C656374726F6EF7
:10CC20006963735C446F63756D656E74735C737474
:10CC3000726565745F6C69676874696E675F667753
:10CC40005F6575726F70655F646973747269627530
:10CC5000746563685C535438375F473037315F53CE
:10CC60004C5F56303038625C417070735C6D657437
:10CC7000726F6C6F67795C7372635C6D6574726FF1
:10CC80005F6869662E630000F1B40168411843686B
:10CC900058080A1800988068DB0701D54B46C01871
:10CCA00091422DD00D78491C032403262E4002D139
:10CCB0000E78F61C491C2B090F2B07D10B780F336C
:10CCC000491C03E00F78491C0770401C761EF9D1FF
:10CCD000002BE5D00E78491CAD082C40032C01D167
:10CCE0000C78491C24023419654244190025AE1EF3
:10CCF0009E42D5D02678641C0670401C6D1CF6E759
:10CD000000980C30F2BC704728554152545F52587D
:10CD10005F5041525345525F53545F534541524314
:10CD2000485F505245414D424C455F315354203D80
:10CD30003D20637572725F737461746529207C7C19
:10CD40002028554152545F52585F5041525345522A
:10CD50005F53545F5345415243485F505245414DE4
:10CD6000424C455F324E44203D3D20637572725FF8
:10CD70007374617465290000686A6C747A4C0000F1
:10CD80007072696E74665F733A20256E20646973F1
:10CD9000616C6C6F776564007072696E74663A20BE
:10CDA00062616420256E20617267756D656E740026
:10CDB0007072696E74665F733A20626164202573D5
:10CDC00020617267756D656E7400000000000000E0
:10CDD0006E616E004E414E00696E6600494E46001F
:10CDE0003000FEE71F0000001C0000001F000000D4
:10CDF0001E0000001F0000001E0000001F000000B9
:10CE00001F0000001E0000001F0000001E000000A8
:10CE10001F0000001F0000001D0000001F00000098
:10CE20001E0000001F0000001E0000001F00000088
:10CE30001F0000001E0000001F0000001E00000078
:10CE40001F00000000002115110E0D0C0B0B0A0A2B
:10CE50000909090909080808080808080707070751
:10CE600007070707070707070700000030313233BD
:10CE70003435363738396162636465666768696A74
:10CE80006B6C6D6E6F707172737475767778797A7A
:10CE900000000000756172745F74785F68616E6491
:10CEA0006C65725F646174612E627566665F696449
:10CEB00078203C3D20756172745F74785F68616EA4
:10CEC000646C65725F646174612E6D73675F6C651D
:10CED0006E000000000000000000000000000000E4
:10CEE0000000000000000000000000000000000042
:10CEF000000000000100000002000000030000002C
:10CF00000400000006000000070000000800000008
:10CF10000900000070B40121002213E00368001D25
:10CF20000B4202D04D46EB185B1E1A601B1D241FDE
:10CF3000042CFAD21D00A60701D51A80AD1C0C40A6
:10CF400000D02A700468001D002CE7D170BC704727
:10CF50006174236D7174746366673D206D717474C0
:10CF60002D7374383730302D636C69656E742C32D4
:10CF7000302C32302C32302C32300D0041542353BF
:10CF80004F434B45544352454154453D352C302C7D
:10CF900025732C25642C3130302C3130302C310D60
:10CFA0000000000010B5074979441831064C7C4454
:10CFB000163404E0081D0A68891888470100A14258
:10CFC000F8D110BD200100003C0100003CD4000855
:10CFD0000000000000000000000000000000000051
:10CFE0000002000018000000000000000000000027
:10CFF00048D400080000000000000000000000000D
:10D000000000000000020000180000000000000006
:10D010000000000054D400080000000000000000E0
:10D0200000000000000000000002000018000000E6
:10D03000000000000000000060D4000800000000B4
:10D0400000000000000000000000000000020000DE
:10D0500018000000000000000000000041542353AD
:10D060004F434B45544352454154453D352C302C9C
:10D070005544502C25642C312C312C310D000000EE
:10D08000415423534F434B45544352454154453D2E
:10D09000352C302C5443502C25642C31302C31301D
:10D0A0000D00000000F00FF8002801D0FFF77AFF14
:10D0B00000BF00BF002000BF00BF00BF00BFF5F7EA
:10D0C0006EF900F002F80120704780B500F002F818
:10D0D00001BDFEE700F000F807463846FFF7ECFB1D
:10D0E000FBE7000031FEFFFF106B0000CC000020CA
:10D0F0000000000095FBFFFFE6040000DA000000DE
:10D100000000002000000000415423495053454EC8
:10D11000445544503D352C302C25732C25642C303F
:10D120002C312C25640D0A000000000000000000D6
:10D1300000000000000000000100000002000000EC
:10D1400003000000040000006174237265736574BD
:10D150003D312C312C307863343466356237660DBE
:10D160000000000041542B434744434F4E543D358B
:10D170002C22495056345636222C222573220D007B
:10D180004154234950504152414D533D312C302C94
:10D1900036353533352C36302C310D004154234D86
:10D1A000515454434F4E4E4543543D352C302C255D
:10D1B000732C25640D0000004154234D51545453E9
:10D1C00055423D62726F777365725F6D73672C3283
:10D1D0000D000000415423544350434F4E4E4543ED
:10D1E000543D352C25642C25732C25640D0000003E
:10D1F0000548014603B4684680F3098800BF00BFB4
:10D2000000BF00BFFFF74EFFA5EDF5FE6CD4000890
:10D21000000000000000000000000000000000000E
:10D220000000000078D400080000000000000000AA
:10D230000000000000000000000000005CD30008B7
:10D2400000000000000000000000000000000000DE
:10D25000000000006CD30008000000000000000087
:10D260000000000000000000000000007CD3000867
:10D2700000000000000000000000000000000000AE
:10D2800000000000E4D200080000000000000000E0
:10D29000000000000000000000000000415423498D
:10D2A0005053454E445443503D352C302C312C25A1
:10D2B000640D0A00415423534F434B4554434C4F94
:10D2C00053453D352C25640D00000000010002008F
:10D2D0000400060008000A000C00100020004000B6
:10D2E000800000014C6564537461747573517565F9
:10D2F0007565436C6F7564002A627974655F636E4F
:10D3000074203C206D73675F6C656E0041542B5137
:10D310004952443D302C312C25782C3130300D00D1
:10D32000415423534F434B45544352454154453F89
:10D330000D0000004154234D5154545055423D2599
:10D34000732C25730D0000003031323334353637FD
:10D350003839414243444546000000004C6564535F
:10D360007461747573517565756500004D657472EF
:10D370006F436F6D6D537461747573005354383718
:10D38000436F6D6D53746174757300002A62797414
:10D39000655F636E74203C20325500002A62797408
:10D3A000655F636E74203C20345500004154234275
:10D3B000414E4453454C3D25730D000041542349D3
:10D3C00050524541443D352C300D0000696F742E9C
:10D3D000316E63652E6E6574000000006174236415
:10D3E0006E733D352C302C25730D000041542349BC
:10D3F00050524541443D352C300D000023534F43DE
:10D400004B45544352454154453A0000235245424E
:10D410004F4F545F524553455400000023534F4330
:10D420004B4554434C4F5345443A00000148804714
:10D4300001480047DDD50008F1D100086465666148
:10D44000756C745461736B00436C6F7564546173D5
:10D450006B0000004D6574726F5461736B000000C7
:10D4600053656E736F725461736B00004D65747217
:10D470006F5175657565000053656E736F725175F8
:10D4800065756500617423696E666F0D00000000AC
:10D4900041542B4353434F4E3D300D0041542B43D9
:10D4A00046554E3D300D000041542B434F50533DE7
:10D4B000300D000041542B4346554E3D310D0000C8
:10D4C00041542B4353434F4E3F0D000041542B43D7
:10D4D000474154543F0D000041542B434F50533F9C
:10D4E0000D00000041542349504346473F0D0000C2
:10D4F0002349504346473A20000000002349505238
:10D500004543563A000000002B434D4520455252FA
:10D510004F523A00234D515454524543563A00005D
:10D52000235359535354415254000000234950523D
:10D530004541443A20000000415445300D000000B0
:10D5400032382C33000000002B43474154543A003A
:10D5500023444E533A2000004E425F53454E540040
:10D560004552524F52000000323137310000000066
:10D570003231353200000000323135300000000019
:10D58000313132300000000032313534000000000B
:10D590002353494D53543A002349504346473A00D8
:10D5A0002B43455245473A002B434745563A000026
:10D5B0000101010307010000080402040801010140
:10D5C00049444C4500000000546D722053766300BE
:10D5D000546D725100000000080000007047800E7A
:10D5E0003136322E3234382E3130302E383600007B
:10D5F000101108200130370001100F737472656537
:10D60000745F6461746100CCD30008AA0122041A1B
:10D61000F0050724F40004D100080452FF01E3469A
:10D62000291410050000023E00080144F0030240E6
:10D63000000020000110034DBF00084104126104E6
:0BD64000F10320520115616403020198
:040000050800D1F12D
:00000001FF
